Henry_Finch-Hatton_(13e_comte_de_Winchilsea)
Henry_Fiol
Henry_Fitz-Ailwin_de_Londonestone
Henry_FitzAlan_(12e_comte_d'Arundel)
Henry_FitzGerald
Henry_FitzGerald-de_Ros_(21e_baron_de_Ros)
Henry_FitzGerald_(12e_comte_de_Kildare)
Henry_FitzJames
Henry_FitzRoy
Henry_FitzRoy_(1978)
Henry_FitzRoy_(1er_duc_de_Grafton)
Henry_FitzRoy_(1er_duc_de_Richmond_et_Somerset)
Henry_FitzRoy_(1er_duc_de_Richmond_et_de_Somerset)
Henry_FitzRoy_(5e_duc_de_Grafton)
Henry_Fitzalan-Howard
Henry_Fitzalan-Howard_(14e_duc_de_Norfolk)
Henry_Fitzalan-Howard_(15e_duc_de_Norfolk)
Henry_Fitzroy
Henry_Fitzroy_(1807-1859)
Henry_Fletcher_Hance
Henry_Fleury-Ravarin
Henry_Flitcroft
Henry_Flood
Henry_Flynt
Henry_Foley_(5e_baron_Foley)
Henry_Fonda
Henry_Fong
Henry_Fontanier
Henry_Fontenilliat
Henry_Fool
Henry_Ford
Henry_Ford_Hospital
Henry_Ford_II
Henry_Ford_Museum
Henry_Ford_Museum_and_Greenfield_Village
Henry_Ford_Museum_of_American_Innovation
Henry_Forder
Henry_Forster
Henry_Forster_(1er_baron_Forster)
Henry_Foster
Henry_Fouquier
Henry_Fourdrinier
Henry_Fournier-Foch
Henry_Fourès
Henry_Fowler
Henry_Fowler_(1er_vicomte_Wolverhampton)
Henry_Fox
Henry_Fox-Strangways_(2e_comte_d'Ilchester)
Henry_Fox-Strangways_(3e_comte_d'Ilchester)
Henry_Fox-Strangways_(5e_comte_d'Ilchester)
Henry_Fox_(1er_baron_Holland)
Henry_Fox_(1er_baron_Hollande)
Henry_Fox_(4e_baron_Holland)
Henry_Fox_Talbot
Henry_Francis_Bryan
Henry_Francis_Cary
Henry_Francis_Fynn
Henry_Francis_Herbert_Thompson
Henry_Francis_Pelham
Henry_Frank
Henry_Franklin-Bouillon
Henry_François_Athanase_Wlgrin_de_Taillefer
Henry_François_Vernillat
Henry_Frayne
Henry_Frederic_Turle
Henry_Frederick_Baker
Henry_Frederick_Compton_Cavendish
Henry_Frederick_Conrad_Sander
Henry_Frederick_Lockyer
Henry_Frederick_Stephenson
Henry_Frederick_Stuart
Henry_Freulich
Henry_Freydenberg
Henry_Fritz_Schaefer_III
Henry_From
Henry_Frères
Henry_Frères_(cratère)
Henry_Furnese
Henry_Fuseli
Henry_Fusino
Henry_Fynes_Clinton
Henry_Février
Henry_G._Davis
Henry_G._Forder
Henry_G._Roe
Henry_G._Sanders
Henry_Gabrielle
Henry_Gage
Henry_Gage_(6e_vicomte_Gage)
Henry_Gale
Henry_Galgacus_Redhead_Yorke
Henry_Gall
Henry_Gally_Knight
Henry_Galy-Carles
Henry_Gambart
Henry_Ganier
Henry_Gantt
Henry_Garat
Henry_Garnet
Henry_Garnet_(jésuite)
Henry_Gascoyne_Maurice
Henry_Gasquet
Henry_Gassaway_Davis
Henry_Gastineau
Henry_Gaudru
Henry_Gaultier
Henry_Gauthier-Villars
Henry_Gauvain
Henry_Gehrig
Henry_Gellibrand
Henry_George
Henry_George_(cyclisme)
Henry_George_(cycliste)
Henry_George_(économiste)
Henry_George_Carroll
Henry_George_Fischer
Henry_George_Forder
Henry_George_Keller
Henry_George_Liddell
Henry_George_Madan
Henry_George_Ward
Henry_George_Webster
Henry_Gerbault
Henry_Germain
Henry_Gerrard
Henry_Gibson
Henry_Giessenbier
Henry_Gilroy
Henry_Gladstone_(1er_baron_Gladstone_de_Hawarden)
Henry_Gladwin
Henry_Glass
Henry_Glaß
Henry_Gluckman
Henry_Godolphin
Henry_Goes_Arizona
Henry_Golden_Dearth
Henry_Golding
Henry_Golding_(mort_en_1593)
Henry_Goodman
Henry_Gordon_Bennett
Henry_Gordon_Rice
Henry_Gorjus
Henry_Gough-Calthorpe_(1er_baron_Calthorpe)
Henry_Gough_(1er_baronnet)
Henry_Goulburn
Henry_Gowa
Henry_Goüin
Henry_Goüin_(1782-1861)
Henry_Goüin_(1900-1977)
Henry_Grace
Henry_Graff
Henry_Graham
Henry_Grattan
Henry_Grattan_Tyrrell
Henry_Graux
Henry_Gravrand
Henry_Gray
Henry_Gray's_Anatomy_of_the_Human_Body
Henry_Greder
Henry_Green
Henry_Green_(courtisan)
Henry_Green_(mort_en_1399)
Henry_Greffulhe
Henry_Grenville
Henry_Greville
Henry_Greville_(3e_comte_de_Warwick)
Henry_Grey
Henry_Grey_(10e_comte_de_Kent)
Henry_Grey_(1er_comte_de_Stamford)
Henry_Grey_(1er_duc_de_Kent)
Henry_Grey_(1er_duc_de_Suffolk)
Henry_Grey_(3e_comte_Grey)
Henry_Grey_Bennet
Henry_Grier_Bryant
Henry_Grimes
Henry_Grimes_(musicien)
Henry_Grimes_(rugby_à_XV)
Henry_Grinnell
Henry_Grouès
Henry_Gréville
Henry_Grünbaum
Henry_Guedon
Henry_Guerlac
Henry_Guisol
Henry_Gunning
Henry_Gunther
Henry_Gustav_Molaison
Henry_Gutierrez
Henry_Gutton
Henry_Guy
Henry_Guys
Henry_Guédon
Henry_Gwyn_Jeffreys_Moseley
Henry_Görtler
Henry_H._Arnold
Henry_H._Bingham
Henry_H._Fowler
Henry_H._Goddard
Henry_H._Hsieh
Henry_H._Rogers
Henry_H._Spalding
Henry_Habert_de_Vauboulon
Henry_Hadley
Henry_Haig
Henry_Haight
Henry_Hall
Henry_Hall_(acteur)
Henry_Hall_(saut_à_ski)
Henry_Hall_(égyptologue)
Henry_Hallam
Henry_Hallett_Dale
Henry_Hamel
Henry_Hamilton
Henry_Hammond
Henry_Hanbury-Tracy
Henry_Handel_Richardson
Henry_Hanke
Henry_Hansen
Henry_Hardarson
Henry_Hardinge
Henry_Harley_Arnold
Henry_Harold_Peter_Baker
Henry_Harpur_(5e_baronnet)
Henry_Harpur_(6e_baronnet)
Henry_Harris_Jessup
Henry_Harrison_Walker
Henry_Harrisse
Henry_Hart
Henry_Hartley
Henry_Hartsfield
Henry_Hartstonge_(3e_baronnet)
Henry_Harvey
Henry_Harwood
Henry_Hassid
Henry_Hastings_(1er_baron_Loughborough)
Henry_Hastings_(5e_comte_de_Huntingdon)
Henry_Hastings_(homonymie)
Henry_Hastings_Sibley
Henry_Hathaway
Henry_Hatsworth_:_L'Incroyable_Expédition
Henry_Hatsworth_in_the_Puzzling_Adventure
Henry_Havelock
Henry_Havemeyer
Henry_Haversham_Godwin-Austen
Henry_Hawley
Henry_Hawley_(gouverneur)
Henry_Hawtrey
Henry_Hay_de_Slade
Henry_Hazlitt
Henry_Haïm_Moati
Henry_Head
Henry_Hebrard_de_Villeneuve
Henry_Hecksher
Henry_Heerup
Henry_Heimlich
Henry_Helman
Henry_Helou
Henry_Hepburne-Scott_(7e_Lord_Polwarth)
Henry_Heras
Henry_Herbert
Henry_Herbert,_4e_comte_de_Carnarvon
Henry_Herbert_(10e_comte_de_Pembroke)
Henry_Herbert_(17e_comte_de_Pembroke)
Henry_Herbert_(1er_baron_Herbert_de_Chirbury)
Henry_Herbert_(1er_comte_de_Carnarvon)
Henry_Herbert_(1er_comte_de_Powis)
Henry_Herbert_(2e_baron_Herbert_de_Chirbury)
Henry_Herbert_(2e_comte_de_Carnarvon)
Henry_Herbert_(2e_comte_de_Pembroke)
Henry_Herbert_(3e_comte_de_Carnarvon)
Henry_Herbert_(4e_baron_Herbert_de_Chirbury)
Henry_Herbert_(4e_comte_de_Carnarvon)
Henry_Herbert_(6e_comte_de_Carnarvon)
Henry_Herbert_(7e_comte_de_Carnarvon)
Henry_Herbert_(9e_comte_de_Pembroke)
Henry_Herbert_Asquith
Henry_Herbert_Donaldson
Henry_Hering
Henry_Hermand
Henry_Hermansen
Henry_Herts
Henry_Hertz
Henry_Hesketh_Bell
Henry_Hesketh_Joudou_Bell
Henry_Heth
Henry_Heusken
Henry_Hibbs
Henry_Hicks
Henry_Hicks_(hockey_sur_glace)
Henry_Higgins
Henry_Higgs
Henry_Highland_Garnet
Henry_Hill
Henry_Hoare_II
Henry_Hobart
Henry_Hobart_(1er_baronnet)
Henry_Hobart_(4e_baronnet)
Henry_Hobson_Richardson
Henry_Hodgkin
Henry_Hoek
Henry_Hoghton_(5e_baronnet)
Henry_Holland
Henry_Holland_(1er_baronnet)
Henry_Holland_(1er_vicomte_Knutsford)
Henry_Holmes_Stewart
Henry_Holroyd_(3e_comte_de_Sheffield)
Henry_Holt
Henry_Holt_&_Company
Henry_Holt_(écrivain)
Henry_Holt_and_Company
Henry_Home
Henry_Home-Drummond-Moray
Henry_Honiball
Henry_Hope
Henry_Hope_(Canada)
Henry_Hope_(banquier)
Henry_Hopkins_Sibley
Henry_Hopkinson_(1er_baron_Colyton)
Henry_Hopper
Henry_Horatio_Dixon
Henry_Horne
Henry_Horner
Henry_Hosmer
Henry_Hosten
Henry_Hotham
Henry_Houry
Henry_Houssaye
Henry_Houssaye_(romancier)
Henry_Howard
Henry_Howard,_19th_Earl_of_Suffolk
Henry_Howard-Molyneux-Howard
Henry_Howard_(10e_comte_de_Suffolk)
Henry_Howard_(11e_comte_de_Suffolk)
Henry_Howard_(12e_comte_de_Suffolk)
Henry_Howard_(13e_duc_de_Norfolk)
Henry_Howard_(15e_comte_d'Arundel)
Henry_Howard_(1802-1875)
Henry_Howard_(18e_comte_de_Suffolk)
Henry_Howard_(19e_comte_de_Suffolk)
Henry_Howard_(1er_comte_de_Northampton)
Henry_Howard_(2e_comte_d'Effingham)
Henry_Howard_(4e_comte_Carlisle
Henry_Howard_(4e_comte_Carlisle)
Henry_Howard_(4e_comte_de_Carlisle)
Henry_Howard_(5e_comte_de_Suffolk)
Henry_Howard_(6e_comte_de_Suffolk)
Henry_Howard_(6e_duc_de_Norfolk)
Henry_Howard_(7e_duc_de_Norfolk)
Henry_Howard_(architecte)
Henry_Howard_(comte_de_Surrey)
Henry_Howard_(peintre)
Henry_Howard_Holmes
Henry_Howard_Molyneux_Herbert,_4e_comte_de_Carnarvon
Henry_Howe_Bemrose
Henry_Howorth
Henry_Hoyle_Howorth
Henry_Hub
Henry_Hudson
Henry_Hudson_Bridge
Henry_Hudson_Kitson
Henry_Hudson_Parkway
Henry_Hugh_Tudor
Henry_Hughes_Wilson
Henry_Hull
Henry_Humphrey_Evans_Lloyd
Henry_Hunt
Henry_Hunt_(homme_politique)
Henry_Huntly_Haight
Henry_Huo
Henry_Hurd_Rusby
Henry_Hurd_Swinnerton
Henry_Hutchison
Henry_Huth
Henry_Huttleston_Rogers
Henry_Hyde
Henry_Hyde_(2e_comte_de_Clarendon)
Henry_Hyde_(4e_comte_de_Clarendon)
Henry_Hyde_(homme_politique)
Henry_Hyde_(homme_politique_américain)
Henry_Hyde_(politicien)
Henry_Hyde_(vicomte_Cornbury)
Henry_Hyndman
Henry_Hynes_Clarke
Henry_Hynoski
Henry_Hébrard_de_Villeneuve
Henry_Hélou
Henry_Hübchen
Henry_II
Henry_II,_duc_de_Brunswick-Lüneburg
Henry_III
Henry_III_d'Angleterre
Henry_III_de_Brabant
Henry_III_de_Brunswick-Lunebourg
Henry_III_de_Castille
Henry_III_de_Hesse
Henry_II_Clément
Henry_II_Russell
Henry_II_Sinclair
Henry_II_d'Angleterre
Henry_II_de_Brunswick-Lunebourg
Henry_II_de_Lorraine
Henry_II_de_Nassau-Beilstein
Henry_IV
Henry_IV,_duc_de_Brunswick-Lüneburg
Henry_IV,_part_1
Henry_IV_(Shakespeare)
Henry_IV_(deuxième_partie)
Henry_IV_(première_partie)
Henry_IV_de_Nassau-Beilstein
Henry_Ian_Cusick
Henry_Iba
Henry_Ier_Clément
Henry_Ier_d'Angleterre
Henry_Immelman
Henry_Ingberg
Henry_Ingraham_Blake
Henry_Ingram_(7e_vicomte_d'Irvine)
Henry_Ingrand
Henry_Inman
Henry_Innes-Ker_(8e_duc_de_Roxburghe)
Henry_Ireton
Henry_Irving
Henry_Ivan_Neilson
Henry_Ives_Cobb
Henry_J
Henry_J.-M._Levet
Henry_J._Ford
Henry_J._Gardner
Henry_J._Heimlich
Henry_J._Kaiser
Henry_J._Leir
Henry_J._Watt
Henry_Jaboulay
Henry_Jackman
Henry_Jackson_Hunt
Henry_Jacob_Bigelow
Henry_Jacques
Henry_Jacques_(réalisateur)
Henry_Jacques_Delpy
Henry_Jacques_Guillaume_Clarke
Henry_Jacques_Le_Meme
Henry_Jacques_Le_Même
Henry_Jaglom
Henry_Jahan
Henry_James
Henry_James_(1er_baron_James_de_Hereford)
Henry_James_Clark
Henry_James_FitzRoy_(comte_d'Euston)
Henry_James_Johnson
Henry_James_Morgan
Henry_James_Pye
Henry_James_Summer_Maine
Henry_James_Sumner_Maine
Henry_Janeway_Hardenbergh
Henry_Janlet
Henry_Jarvis_Raymond
Henry_Jay_Lewis
Henry_Jean-Baptiste
Henry_Jean-Marie_Levet
Henry_Jekyll
Henry_Jenkins
Henry_Jenkins_(centenaire)
Henry_Jennings
Henry_Jermyn
Henry_Jermyn_(1er_baron_Dover)
Henry_Jermyn_(1er_comte_de_St_Albans)
Henry_Johansen
Henry_John_Adeane
Henry_John_Carter
Henry_John_Chetwynd-Talbot
Henry_John_Elwes
Henry_John_Heinz
Henry_John_Kaiser
Henry_John_Kavanagh
Henry_John_Madill
Henry_John_Milnes_MacAndrew
Henry_John_Stephen_Smith
Henry_John_Temple
Henry_John_Temple_(3e_vicomte_Palmerston)
Henry_John_Westrop
Henry_John_William_Bentinck
Henry_Johnson
Henry_Johnson_(1661-1719)
Henry_Johnson_(Louisiane)
Henry_Johnson_(homonymie)
Henry_Jones
Henry_Jones_(acteur)
Henry_Jones_(philosophe)
Henry_Jones_Jr.
Henry_Jones_Senior
Henry_Jones_Thaddeus
Henry_Jones_Trois
Henry_Jonsson
Henry_Joost
Henry_Jordan
Henry_Joseph
Henry_Joseph_Shindika
Henry_Jouin
Henry_Joy_McCracken
Henry_Jules,_duc_de_Brunswick-Luneburg
Henry_Jules,_duc_de_Brunswick-Lüneburg
Henry_Jules_Jean_Martin
Henry_Jules_Jean_Maurice_Martin
Henry_Justice_Ford
Henry_Kahudi
Henry_Kaiser
Henry_Kaltenbrun
Henry_Kaltenbrunn
Henry_Kamen
Henry_Kamm
Henry_Kane
Henry_Kapférer
Henry_Kaufman
Henry_Keating
Henry_Keene
Henry_Keller
Henry_Kellett
Henry_Kelsey
Henry_Kendall
Henry_Kent_Hewitt
Henry_Kernan
Henry_Kessler
Henry_Kett
Henry_Killigrew
Henry_Killigrew_(amiral)
Henry_Killigrew_(dramaturge)
Henry_King
Henry_King_(3e_baronnet)
Henry_King_(homonymie)
Henry_King_Irving
Henry_King_Ketcham
Henry_Kingi
Henry_Kinney
Henry_Kiplagat
Henry_Kirke_Brown
Henry_Kissinger
Henry_Kistemaeckers
Henry_Kistemaeckers_fils
Henry_Kistemaeckers_père
Henry_Kistemaekers
Henry_Kloss
Henry_Knight_Storks
Henry_Knox
Henry_Knox_Trail
Henry_Kolker
Henry_Koombes
Henry_Koplik
Henry_Koster
Henry_Kotani
Henry_Krauss
Henry_Krips
Henry_Kristo­fer_Harthar­son
Henry_Kristófer_Harðarson
Henry_Kristó­fer_Harðar­son
Henry_Kulky
Henry_Kuss
Henry_Kuttner
Henry_Kvist
Henry_Kyemba
Henry_Källgren
Henry_L._Aaron
Henry_L._Benning
Henry_L._Dawes
Henry_L._Fuqua
Henry_L._Gantt
Henry_L._Roosevelt
Henry_L._Snyder
Henry_L._Stimson
Henry_Labonne
Henry_Labouchere
Henry_Labouchere_(1er_baron_Taunton)
Henry_Labouisse
Henry_Lachouque
Henry_Lacoste
Henry_Lafont
Henry_Lamb
Henry_Lambert
Henry_Lambron_de_Lignim
Henry_Landau
Henry_Landauer
Henry_Lapauze
Henry_Lapierre
Henry_Larcom_Abbot
Henry_Lark_Pratt
Henry_Larsen
Henry_Larsen_(aviron,_1891)
Henry_Larsen_(aviron,_1916)
Henry_Larsen_(explorateur)
Henry_Larsen_(rameur_danois)
Henry_Larsen_(rameur_norvégien)
Henry_Lascelles
Henry_Lascelles,_2ème_comte_de_Harewood
Henry_Lascelles,_6e_comte_de_Harewood
Henry_Lascelles,_6ème_comte_de_Harewood
Henry_Lascelles_(2e_comte_de_Harewood)
Henry_Lascelles_(3e_comte_de_Harewood)
Henry_Lascelles_(4e_comte_de_Harewood)
Henry_Lascelles_(5e_comte_de_Harewood)
Henry_Lascelles_(6e_comte_de_Harewood)
Henry_Lascoe
Henry_Latulippe
Henry_Lau
Henry_Laufenburger
Henry_Laurence_Gantt
Henry_Laurence_Gantt_Medal
Henry_Laurens
Henry_Laureys
Henry_Lauterbach
Henry_Laverne
Henry_Law_(7e_baron_Ellenborough)
Henry_Lawes
Henry_Lawrence
Henry_Lawson
Henry_Lazarus
Henry_LeTang
Henry_Le_Bailly
Henry_Le_Bal
Henry_Le_Besnerais
Henry_Le_Boeuf
Henry_Le_Bret
Henry_Le_Bœuf
Henry_Le_Chatelier
Henry_Le_Châtelier
Henry_Le_Chénier
Henry_Le_Mire
Henry_Le_Tonnelier_de_Breteuil
Henry_Leavenworth
Henry_Lecomte
Henry_Lee_Giclas
Henry_Lee_III
Henry_Lee_Lucas
Henry_Lefèvre
Henry_Lehon
Henry_Lehrman
Henry_Lehrman_Comedies
Henry_Lejeune
Henry_Lemaître_Auger
Henry_Lemonnier
Henry_Lenain
Henry_Lennox
Henry_Leonard_Snyder
Henry_Leonetti
Henry_Lepage
Henry_Lepaute
Henry_Leppä
Henry_Leray
Henry_Lerolle
Henry_Letang
Henry_Leveson-Gower
Henry_Leveson_Gower
Henry_Levey
Henry_Levin
Henry_Lewis
Henry_Lewis_Raphael
Henry_Lewis_Stimson
Henry_Ley_(2e_comte_de_Marlborough)
Henry_Lhotellier
Henry_Licett
Henry_Liddell
Henry_Liddell_(1er_comte_Ravensworth)
Henry_Liddon
Henry_Lincoln
Henry_Lindblad
Henry_Linderman
Henry_Lion_Oldie
Henry_Lisle
Henry_Litolff
Henry_Livermore_Abbott
Henry_Livingston_Junior
Henry_Ljungmann
Henry_Lloyd-Hughes
Henry_Loaiza-Ceballos
Henry_Lodge
Henry_Lodge_(musicien)
Henry_Loftus_(1er_comte_d'Ely)
Henry_Lomb
Henry_Longfellow
Henry_Lopes
Henry_Lopes_(1er_baron_Ludlow)
Henry_Lopes_(1er_baron_Roborough)
Henry_Lopes_(2e_baron_Ludlow)
Henry_Lossier
Henry_Loste_(homme_politique)
Henry_Loubscher
Henry_Louis_Champy
Henry_Louis_Gates
Henry_Louis_Gates,_Jr
Henry_Louis_Gates,_Jr.
Henry_Louis_Gates_Jr.
Henry_Louis_Gehrig
Henry_Louis_Joseph_Cochet
Henry_Louis_Larsen
Henry_Louis_Le_Chatelier
Henry_Louis_Martin_de_Villers
Henry_Louis_Mencken
Henry_Louis_Rietz
Henry_Louis_Scott
Henry_Louis_de_Nassau-Saarbrücken
Henry_Louis_de_la_Grange
Henry_Lovell
Henry_Lowry-Corry
Henry_Lowther_(3e_comte_de_Lonsdale)
Henry_Lowther_(3e_vicomte_Lonsdale)
Henry_Lowther_(homme_politique)
Henry_Luce
Henry_Luce_Foundation
Henry_Lucien_de_Vries
Henry_Ludwell_Moore
Henry_Lumley
Henry_Lygon_(4e_comte_Beauchamp)
Henry_Lygon_(5e_comte_Beauchamp)
Henry_Lyonnet
Henry_Lyte
Henry_Lyttelton_(2e_baronnet)
Henry_Léauté
Henry_Lémery
Henry_López
Henry_M._Jackson
Henry_M._Jackson_Federal_Building
Henry_M._Jackson_Wilderness
Henry_M._Leland
Henry_M._Morris
Henry_M._Sheffer
Henry_M._Teller
Henry_Mac-Mahon
Henry_MacCracken
Henry_MacRae
Henry_Macintosh
Henry_Mackenzie
Henry_Madan
Henry_Madin
Henry_Magnan
Henry_Mainwaring
Henry_Maitland_Wilson
Henry_Malherbe
Henry_Malineanu
Henry_Malter
Henry_Mancini
Henry_Mancini:_Moon_River_and_Me
Henry_Mancini_:_Moon_River_and_Me
Henry_Mann
Henry_Manne
Henry_Manners_(8e_duc_de_Rutland)
Henry_Manning
Henry_Manox
Henry_Marcel
Henry_Maret
Henry_Marie_Brackenridge
Henry_Marillier
Henry_Mark_Anthony
Henry_Markham
Henry_Markram
Henry_Marks
Henry_Marsh
Henry_Marshal_(évêque_d'Exeter)
Henry_Marshall_(homme_politique)
Henry_Marshall_Tory
Henry_Marsot
Henry_Marten_(régicide)
Henry_Martin
Henry_Martin_(dessinateur)
Henry_Martin_(général)
Henry_Martinet
Henry_Martyn_Congdon
Henry_Martín
Henry_Marx
Henry_Maske
Henry_Mason
Henry_Massey_Rector
Henry_Massonnet
Henry_Massoul
Henry_Matthews
Henry_Maudslay
Henry_Maudsley
Henry_Maugis
Henry_Maundrell
Henry_Maupoil
Henry_Maurice
Henry_Maurice_Drummond-Hay
Henry_Maurice_Scott
Henry_Maurice_Sheffer
Henry_Maury
Henry_Maximilian_Beerbohm
Henry_Maxwell
Henry_Maxwell_(6e_baron_Farnham)
Henry_Maxwell_(7e_baron_Farnham)
Henry_Maxwell_(évêque)
Henry_Mayer
Henry_Mayer_(acteur)
Henry_Mayer_(caricaturiste)
Henry_Mayers_Hyndman
Henry_Mayes
Henry_Mayhew
Henry_McBride
Henry_McBride_(politicien)
Henry_McCarty
Henry_McCullough
Henry_McGee
Henry_McLaren_(2e_baron_Aberconway)
Henry_McLeish
Henry_McMahon
Henry_McMaster
Henry_McNeal_Turner
Henry_McNeil
Henry_McNish
Henry_McRae
Henry_Mccarty
Henry_Meadows
Henry_Medina
Henry_Meige
Henry_Meiggs
Henry_Meillant
Henry_Mellus
Henry_Mendez_Raabe
Henry_Merle
Henry_Merlin
Henry_Merrivale
Henry_Merzbach
Henry_Meuwis
Henry_Meyer_(illustrateur)
Henry_Meynell_Rheam
Henry_Meyners_Bernard
Henry_Meysey-Thompson_(1er_baron_Knaresborough)
Henry_Michaud
Henry_Michel_du_Tennetar
Henry_Michelot
Henry_Middleton
Henry_Mike_Strater
Henry_Mill
Henry_Miller
Henry_Miller_(médecin)
Henry_Mills
Henry_Mills_Sr.
Henry_Milne_Scott
Henry_Milner
Henry_Milton_Taylor
Henry_Minett
Henry_Mintzberg
Henry_Mirande
Henry_Mitchell_MacCracken
Henry_Moeller
Henry_Molaison
Henry_Monck-Mason_Moore
Henry_Monck_(1er_comte_de_Rathdowne)
Henry_Mond_(2e_baron_Melchett)
Henry_Monnier
Henry_Monson_(3e_baronnet)
Henry_Montagu_(1er_comte_de_Manchester)
Henry_Montagu_Villiers
Henry_Montaigu
Henry_Moore
Henry_Moore_(10e_comte_de_Drogheda)
Henry_Moore_(1er_comte_de_Drogheda)
Henry_Moore_(3e_marquis_de_Drogheda)
Henry_Moore_Harrington
Henry_Mordaunt
Henry_Mordaunt_(2e_comte_de_Peterborough)
Henry_More
Henry_Moret
Henry_Morgan
Henry_Morgan_(marchand)
Henry_Morgentaler
Henry_Morgenthau
Henry_Morgenthau_Senior
Henry_Morgenthau_senior
Henry_Morin
Henry_Morris
Henry_Morris_Naglee
Henry_Morrison_Flagler
Henry_Morse
Henry_Morton_Stanley
Henry_Moseley
Henry_Moses_Judah
Henry_Mosler
Henry_Motego
Henry_Mouhot
Henry_Moule
Henry_Mouton
Henry_Mouton_(homme_politique)
Henry_Muddiman
Henry_Muhlenberg
Henry_Mulholland_(1er_baronnet)
Henry_Mulholland_(2e_baron_Dunleath)
Henry_Muller
Henry_Munro
Henry_Munyaradzi
Henry_Murail
Henry_Murdac
Henry_Murger
Henry_Murray
Henry_Musnik
Henry_Myers
Henry_Ménessier
Henry_Mériot
Henry_N._Cobb
Henry_Napias
Henry_Nassau,_Lord_Auverquerque
Henry_Nathaniel_Andrews
Henry_Ndong
Henry_Nelson_O'Neil
Henry_Nevill_(2e_comte_d'Abergavenny)
Henry_Nevill_(3e_marquis_d'Abergavenny)
Henry_Neville_(1620-1694)
Henry_Nevinson
Henry_Newbolt
Henry_Newell_Martin
Henry_Newport_(3e_comte_de_Bradford)
Henry_Newton
Henry_Nicholas_Bolander
Henry_Nicholas_Ridley
Henry_Nicholis
Henry_Nicolas_François_de_Mauléon
Henry_Nicoll
Henry_Nicollon_Des_Abbayes
Henry_Nicollon_des_Abbayes
Henry_Nielsen
Henry_Nocq
Henry_Noel_(6e_comte_de_Gainsborough)
Henry_Norman
Henry_Normand_(entomologiste)
Henry_Norris
Henry_Norris_(1482-1536)
Henry_Norris_(1482–1536)
Henry_Norris_Russell
Henry_Norris_Russell_Lectureship
Henry_Northcote
Henry_Northcote_(1er_baron_Northcote)
Henry_Northrop
Henry_Norwest
Henry_Nott
Henry_Nottidge_Moseley
Henry_Nougier
Henry_Nourse
Henry_Nova
Henry_Noël_Chauvin
Henry_Noëll
Henry_Nuttall
Henry_Nwosu
Henry_Nxumalo
Henry_Nyandoro
Henry_O'Brien_(7e_comte_de_Thomond)
Henry_O'Brien_(8e_comte_de_Thomond)
Henry_O'Neil
Henry_O'Neill
Henry_O'Rielly
Henry_O._Flipper
Henry_O._Godwinn
Henry_O._Pollak
Henry_Oakes
Henry_Oakes_(général)
Henry_Oberholzer
Henry_Ogg_Forbes
Henry_Okah
Henry_Okawa
Henry_Oldenburg
Henry_Oliver_Lancaster
Henry_Olonga
Henry_Olufemi_Adefope
Henry_Onyekuru
Henry_Orrion
Henry_Orton_Wiley
Henry_Osborn
Henry_Osborn_(amiral)
Henry_Osborne_Havemeyer
Henry_Oscar
Henry_Ossawa_Tanner
Henry_Ossian_Flipper
Henry_Otley_Beyer
Henry_Ottmann
Henry_Otto
Henry_Otto_Pollak
Henry_Owens
Henry_Owens_(baseball,_1979)
Henry_Owens_(baseball,_1992)
Henry_P._Davison
Henry_P._H._Bromwell
Henry_P._Latulippe
Henry_Padovani
Henry_Page_Croft
Henry_Paget
Henry_Paget_(1er_comte_d'Uxbridge)
Henry_Paget_(1er_comte_d'Uxbridge,_1663-1743)
Henry_Paget_(2e_comte_d'Uxbridge)
Henry_Paget_(2e_marquis_d'Anglesey)
Henry_Paget_(3e_marquis_d'Anglesey)
Henry_Paget_(4e_marquis_d'Anglesey)
Henry_Paget_(5e_marquis_d'Anglesey)
Henry_Paget_(7e_marquis_d'Anglesey)
Henry_Palmé
Henry_Panckoucke
Henry_Pancoast
Henry_Parayre
Henry_Pariselle
Henry_Parker
Henry_Parker_(écrivain)
Henry_Parkes
Henry_Parkyns_Hoppner
Henry_Parnell_(1er_baron_Congleton)
Henry_Parnell_(5e_baron_Congleton)
Henry_Pate
Henry_Patrice_Dillon
Henry_Paté
Henry_Paul
Henry_Paul_Edmond_Caron
Henry_Paul_Julien_Bonhomme
Henry_Paulet_(16e_marquis_de_Winchester)
Henry_Paulson
Henry_Peach_Robinson
Henry_Peacham
Henry_Peachey_(1er_baronnet)
Henry_Pearce
Henry_Pelham
Henry_Pelham-Clinton
Henry_Pelham-Clinton-Hope_(9e_duc_de_Newcastle)
Henry_Pelham-Clinton_(2e_duc_de_Newcastle)
Henry_Pelham-Clinton_(4e_duc_de_Newcastle)
Henry_Pelham-Clinton_(5e_duc_de_Newcastle)
Henry_Pelham-Clinton_(6e_duc_de_Newcastle)
Henry_Pelham-Clinton_(7e_duc_de_Newcastle)
Henry_Pelham_(1661-1721)
Henry_Pelham_(1694-1725)
Henry_Pelham_(3e_comte_de_Chichester)
Henry_Pelham_(Speaker)
Henry_Pelham_(graveur)
Henry_Pelham_(homonymie)
Henry_Pelham_(speaker)
Henry_Pellatt
Henry_Pember_Smith
Henry_Penruddocke_Wyndham
Henry_Perceval_(5e_comte_d'Egmont)
Henry_Percival_Biggar
Henry_Percy
Henry_Percy,_1er_comte_de_Northumberland
Henry_Percy,_comte_Percy
Henry_Percy,_dit_Hotspur
Henry_Percy_(11e_duc_de_Northumberland)
Henry_Percy_(1er_comte_de_Northumberland)
Henry_Percy_(2e_comte_de_Northumberland)
Henry_Percy_(3e_comte_de_Northumberland)
Henry_Percy_(4e_comte_de_Northumberland)
Henry_Percy_(5e_comte_de_Northumberland)
Henry_Percy_(6e_comte_de_Northumberland)
Henry_Percy_(7e_duc_de_Northumberland)
Henry_Percy_(8e_comte_de_Northumberland)
Henry_Percy_(9e_comte_de_Northumberland)
Henry_Percy_(9e_duc_de_Northumberland)
Henry_Percy_(Hotspur)
Henry_Perigal
Henry_Pering_Pellew_Crease
Henry_Perrault
Henry_Perrin_Coon
Henry_Peter
Henry_Petersen
Henry_Petty-FitzMaurice
Henry_Petty-FitzMaurice_(3e_marquis_de_Lansdowne)
Henry_Petty-Fitzmaurice
Henry_Petty-Fitzmaurice,_III_marquis_de_Lansdowne
Henry_Petty-Fitzmaurice_(3e_marquis_de_Lansdowne)
Henry_Petty-Fitzmaurice_(4e_marquis_de_Lansdowne)
Henry_Petty-Fitzmaurice_(5e_marquis_de_Lansdowne)
Henry_Petty-Fitzmaurice_(6e_marquis_de_Lansdowne)
Henry_Petty-Fitzmaurice_(homonymie)
Henry_Petty_(1er_comte_de_Shelburne)
Henry_Peyrottes
Henry_Philip_Hope
Henry_Philip_Tappan
Henry_Phillip_Folland
Henry_Phipps
Henry_Phipps_(1er_comte_de_Mulgrave)
Henry_Picard
Henry_Picker
Henry_Piddington
Henry_Pierrepont_(1er_marquis_de_Dorchester)
Henry_Pierrepont_(diplomate)
Henry_Pittock
Henry_Plee
Henry_Plumb
Henry_Plée
Henry_Poe
Henry_Poidatz
Henry_Ponsard
Henry_Ponsonby
Henry_Poole
Henry_Poole_Is_Here
Henry_Poole_MacKeen
Henry_Pope
Henry_Popple
Henry_Porter
Henry_Porter_(dramaturge)
Henry_Porter_(écrivain)
Henry_Portman_(2e_vicomte_Portman)
Henry_Potez
Henry_Potter
Henry_Pottier
Henry_Pottinger
Henry_Poulaille
Henry_Poulet
Henry_Powell
Henry_Powle
Henry_Prescott
Henry_Pridham-Wippell
Henry_Primakoff
Henry_Pritchett
Henry_Prittie_(1er_baron_Dunalley)
Henry_Prittie_(2e_baron_Dunalley)
Henry_Procter
Henry_Proctor
Henry_Proctor_(British_Army)
Henry_Provensal
Henry_Prunieres
Henry_Prunières
Henry_Pryce_Jackman
Henry_Puna
Henry_Purcell
Henry_Putz
Henry_Puyi
Henry_Pybus_Bell-Irving
Henry_Pym
Henry_Pyrgos
Henry_Périer
Henry_Périer_de_Lahitolle
Henry_Qiodravu
Henry_Quinson
Henry_R._Rose
Henry_Raabe
Henry_Raabe_Mendes
Henry_Rabusson
Henry_Racamier
Henry_Raeburn
Henry_Ragas
Henry_Ramer
Henry_Ramière
Henry_Rangel_Silva
Henry_Rankin_Poore
Henry_Raschen
Henry_Rathbone
Henry_Rawdon-Hastings_(4e_marquis_d'Hastings)
Henry_Rawlinson
Henry_Rawlinson_(1er_baron_Rawlinson)
Henry_Rawlinson_(1er_baronnet)
Henry_Rawlinson_(assyriologue)
Henry_Rawlinson_(général)
Henry_Raymond_Villard
Henry_Read_Emmerson
Henry_Redford
Henry_Redford_(maire_de_Bordeaux)
Henry_Redhead_Yorke
Henry_Reed
Henry_Reed_Rathbone
Henry_Reichlen
Henry_Reinhold
Henry_Retford
Henry_Reverdy
Henry_Rey
Henry_Reymond_Fitzwalter_Keating
Henry_Reynolds
Henry_Reynolds-Moreton_(2e_comte_de_Ducie)
Henry_Reynolds-Moreton_(3e_comte_de_Ducie)
Henry_Rhind
Henry_Rich
Henry_Rich_(1er_comte_de_Holland)
Henry_Richard
Henry_Richard_Abadie
Henry_Richard_Bird
Henry_Richard_Charles_Wellesley
Henry_Richard_Simmons
Henry_Richards_Luard
Henry_Richardson
Henry_Rider_Haggard
Henry_Ridley
Henry_Rietz
Henry_Rinklin
Henry_Rios
Henry_Ritter
Henry_Robb
Henry_Robert_Emmerson
Henry_Robert_Moore_Brooke-Popham
Henry_Roberts
Henry_Roberts_Symonds
Henry_Robertson_Bowers
Henry_Robinson-Montagu_(6e_baron_Rokeby)
Henry_Robinson_Bowers
Henry_Rodriguez
Henry_Rodriguez_(baseball,_1967)
Henry_Rodriguez_(baseball,_1987)
Henry_Rodriguez_(baseball,_1990)
Henry_Rodríguez
Henry_Rodríguez_(baseball,_1967)
Henry_Rodríguez_(baseball,_1987)
Henry_Rodríguez_(baseball,_1990)
Henry_Rodríguez_(lanceur)
Henry_Roeland_Byrd
Henry_Rojas_(cyclisme)
Henry_Rollin
Henry_Rollins
Henry_Roman_Nose
Henry_Rono
Henry_Rootes_Jackson
Henry_Roper-Curzon_(18e_baron_Teynham)
Henry_Ross_Perot
Henry_Roth
Henry_Rothblatt
Henry_Rotich
Henry_Roughton_Hogg
Henry_Rouille_d'Orfeuil
Henry_Rouillé_d'Orfeuil
Henry_Roujon
Henry_Round
Henry_Roussel
Henry_Roussell
Henry_Rousso
Henry_Rowe_Schoolcraft
Henry_Rowley_Bishop
Henry_Royce
Henry_Rubin
Henry_Ruggs
Henry_Ruhl
Henry_Russell
Henry_Russell_(2e_baronnet)
Henry_Russell_(athlète)
Henry_Russell_(athlétisme)
Henry_Ryder
Henry_Ryder_(évêque)
Henry_Ryland
Henry_S._Baird
Henry_S._De_Forest
Henry_S._Kesler
Henry_S._Pritchett
Henry_S._Thibodaux
Henry_Sacheverell
Henry_Saggs
Henry_Saint_Clare
Henry_Sainte-Claire_Deville
Henry_Salt
Henry_Sam
Henry_Samary
Henry_Samary_de_la_Comédie-Française
Henry_Samary_de_la_Comédie_Française
Henry_Sampson
Henry_Sampson_(ingénieur_nucléaire)
Henry_Sampson_(inventeur)
Henry_Sandham
Henry_Saragih
Henry_Sarwer-Foner
Henry_Sass
Henry_Sauguet
Henry_Savary_de_Beauregard
Henry_Savidan
Henry_Savigny
Henry_Savile
Henry_Saxe
Henry_Scarpelli
Henry_Scheffer
Henry_Scheffé
Henry_Schein
Henry_Schimberg
Henry_Schnell
Henry_Schoenefeld
Henry_Schoolcraft
Henry_Schradieck
Henry_Schultz
Henry_Scott
Henry_Scott,_troisième_duc_de_Buccleuch
Henry_Scott_(1er_comte_de_Deloraine)
Henry_Scott_(athlète)
Henry_Scott_(athlétisme)
Henry_Scott_Holland
Henry_Scott_Tuke
Henry_Scrimgeour
Henry_Scripps_Booth
Henry_Scripps_Booth_(1897-1988)
Henry_Scripps_Booth_(1897_–_1988)
Henry_Scrope_(3e_baron_Scrope_de_Masham)
Henry_Scrope_(3e_baron_Scrope_of_Masham)
Henry_Scrymgeour-Wedderburn_(11e_comte_de_Dundee)
Henry_Scudamore-Stanhope_(9e_comte_de_Chesterfield)
Henry_Scudamore_(3e_duc_de_Beaufort)
Henry_Seebohm
Henry_Segrave
Henry_Seiling
Henry_Selick
Henry_Selwin-Ibbetson_(1er_baron_Rookwood)
Henry_Senes
Henry_Seniloli
Henry_Sené
Henry_Serruys
Henry_Sers
Henry_Sewell
Henry_Seymour
Henry_Seymour,_Lord_Beauchamp
Henry_Seymour_(1729-1807)
Henry_Seymour_(1776-1849)
Henry_Seymour_(1er_baronnet)
Henry_Seymour_(Lord_Beauchamp)
Henry_Seymour_(homme_politique)
Henry_Seymour_Conway
Henry_Seymour_King
Henry_Seymour_Portman
Henry_Sharp
Henry_Shaw
Henry_Shaw_(personnage)
Henry_Shaw_Jr.
Henry_Sheehy_Keating
Henry_Sheffer
Henry_Shefflin
Henry_Shelton
Henry_Shelton_Sanford
Henry_Sherwood
Henry_Shirley
Henry_Shirley_(3e_comte_Ferrers)
Henry_Shoemaker_Conard
Henry_Shrady
Henry_Shrapnel
Henry_Sidambarom
Henry_Siddons_Mowbray
Henry_Sidgwick
Henry_Sidney
Henry_Sieurac
Henry_Sigerist
Henry_Silva
Henry_Simard
Henry_Simon
Henry_Simon_(homme_politique)
Henry_Simon_(peintre)
Henry_Simons
Henry_Sims
Henry_Sinclair
Henry_Sinclair_(2e_baron_Pentland)
Henry_Singer_Keating
Henry_Singleton
Henry_Singleton_(peintre)
Henry_Singlewood_Bisbing
Henry_Siqueira-Barras
Henry_Skinner
Henry_Slade
Henry_Slesar
Henry_Slesser
Henry_Sloane_Coffin
Henry_Slocum
Henry_Smadja
Henry_Smeathman
Henry_Smith
Henry_Smith_(athlétisme)
Henry_Smith_(football)
Henry_Smith_(footballeur)
Henry_Smith_(homme_politique_britannique)
Henry_Smith_Munroe
Henry_Smith_Pritchett
Henry_Snyder
Henry_Solus
Henry_Somerset
Henry_Somerset,_1er_duc_de_Beaufort
Henry_Somerset_(10e_duc_de_Beaufort)
Henry_Somerset_(12e_duc_de_Beaufort)
Henry_Somerset_(1849-1932)
Henry_Somerset_(1er_Marquis_de_Worcester)
Henry_Somerset_(1er_duc_de_Beaufort)
Henry_Somerset_(1er_marquis_de_Worcester)
Henry_Somerset_(2e_duc_de_Beaufort)
Henry_Somerset_(5e_duc_de_Beaufort)
Henry_Somerset_(6e_duc_de_Beaufort)
Henry_Somerset_(7e_duc_de_Beaufort)
Henry_Somerset_(8e_duc_de_Beaufort)
Henry_Somerset_(9e_duc_de_Beaufort)
Henry_Somerset_(officier)
Henry_Somm
Henry_Sosa
Henry_Soulange-Bodin
Henry_Soum
Henry_Soumagne
Henry_Speck
Henry_Speight
Henry_Speke
Henry_Spelman
Henry_Spencer
Henry_Spencer_(1er_comte_de_Sunderland)
Henry_Spencer_Ashbee
Henry_Spencer_Palmer
Henry_Spiess
Henry_Spinetti
Henry_Spira
Henry_St._John
Henry_St._John_Thackeray
Henry_St_John-Mildmay_(3e_baronnet)
Henry_St_John_(1er_vicomte_Bolingbroke)
Henry_St_John_(1er_vicomte_St_John)
Henry_St_John_(2e_baronnet)
Henry_St_John_(général)
Henry_Stacquet
Henry_Stafford
Henry_Stafford_(10e_baron_Stafford)
Henry_Stafford_(2e_duc_de_Buckingham)
Henry_Stafford_(mort_en_1471)
Henry_Stallard
Henry_Stanbery
Henry_Stanhope_(Lord_Stanhope)
Henry_Stanilas_Harwood
Henry_Stanislas_Harwood
Henry_Stanley
Henry_Stanley,_4e_comte_de_Derby
Henry_Stanley_(4e_comte_de_Derby)
Henry_Stanley_Plummer
Henry_Stapp
Henry_Starnes
Henry_Steagall
Henry_Steel_Olcott
Henry_Stempffer
Henry_Stephen_Fox
Henry_Stephens
Henry_Stephens_(1796-1864)
Henry_Stephens_Salt
Henry_Stephenson
Henry_Stewart_(1er_Lord_Methven)
Henry_Stimson
Henry_Stoehr
Henry_Stohr
Henry_Strachey_(1er_baronnet)
Henry_Strachey_(explorateur)
Henry_Strakosch
Henry_Strater
Henry_Street_(Manhattan)
Henry_Strutt_(2e_baron_Belper)
Henry_Stuart
Henry_Stuart,_duc_de_Gloucester
Henry_Stuart_(1er_Lord_Methven)
Henry_Stuart_(Lord_Darnley)
Henry_Stuart_(avocat_canadien)
Henry_Stuart_(duc_de_Gloucester)
Henry_Sturt_(1er_baron_Alington)
Henry_Stöhr
Henry_Sugimoto
Henry_Sully
Henry_Sumner_Maine
Henry_Surtees
Henry_Sweet
Henry_Swift
Henry_Swinburne
Henry_Swoboda
Henry_Sydney_(1er_comte_de_Romney)
Henry_Sylvester-Williams
Henry_Sylvester_Williams
Henry_Sylvestre-Williams
Henry_Sénès
Henry_Séné
Henry_T._Hazard
Henry_T._Sharp
Henry_Taefu
Henry_Tame_Soumedjong
Henry_Tandey
Henry_Tang
Henry_Tate
Henry_Tattegrain
Henry_Taube
Henry_Taudière
Henry_Tayali
Henry_Taylor
Henry_Taylor_(nageur)
Henry_Taylor_(natation)
Henry_Taylor_(pilote)
Henry_Tazewell
Henry_Temple
Henry_Temple_(1er_vicomte_Palmerston)
Henry_Temple_(2e_vicomte_Palmerston)
Henry_Tenré
Henry_Ternisien
Henry_Terry
Henry_Tesch
Henry_Testot-Ferry
Henry_Teuscher
Henry_Thaddeus_Jones
Henry_Theodore_Tuckerman
Henry_Thode
Henry_Thomas
Henry_Thomas_(boxe_anglaise)
Henry_Thomas_(boxeur)
Henry_Thomas_(homonymie)
Henry_Thomas_(rugby_à_XV)
Henry_Thomas_Buckle
Henry_Thomas_Colebrooke
Henry_Thomas_De_la_Beche
Henry_Thomas_Duffy
Henry_Thomas_Hope
Henry_Thomas_Smart
Henry_Thompson
Henry_Thompson_(3e_baronnet)
Henry_Thomson
Henry_Thoreau
Henry_Thornton
Henry_Thornton_(Sir)
Henry_Thrale
Henry_Threadgill
Henry_Thynne
Henry_Thynne_(1675-1708)
Henry_Thynne_(3e_marquis_de_Bath)
Henry_Thynne_(6e_marquis_de_Bath)
Henry_Thynne_(homme_politique)
Henry_Théodore_Pigozzi
Henry_Théophile_Hildibrand
Henry_Thétard
Henry_Tibbats_Stainton
Henry_Tiller
Henry_Tillman
Henry_Timberlake
Henry_Timrod
Henry_Tingle_Wilde
Henry_Tizard
Henry_Tonks
Henry_Torgue_et_Serge_Houppin
Henry_Torres
Henry_Torrès
Henry_Toussaint
Henry_Township
Henry_Township_(Illinois)
Henry_Township_(Missouri)
Henry_Travers
Henry_Trelawny
Henry_Tresham
Henry_Trevor
Henry_Trevor_(21e_baron_Dacre)
Henry_Trey
Henry_Trianon
Henry_Trimen
Henry_Trinder
Henry_Trollope
Henry_Trévoux
Henry_Tuchet-Jesson
Henry_Tucker
Henry_Tucker_Montresor
Henry_Tufnell
Henry_Tufton_(11e_comte_de_Thanet)
Henry_Tufton_(1er_baron_Hothfield)
Henry_Tuilagi
Henry_Tuilagui
Henry_Turlier
Henry_Turner_Irving
Henry_Tye
Henry_Urrutia
Henry_V
Henry_V,_duc_de_Brunswick-Luneburg
Henry_V,_duc_de_Brunswick-Lüneburg
Henry_V._Larom
Henry_VI
Henry_VII
Henry_VIII
Henry_VIII_(film,_1911)
Henry_VIII_(homonymie)
Henry_VIII_(opéra)
Henry_VIII_and_His_Six_Wives
Henry_VIII_d'Angleterre
Henry_VII_d'Angleterre
Henry_VI_(Shakespeare)
Henry_VI_(deuxième_partie)
Henry_VI_(première_partie)
Henry_VI_(troisième_partie)
Henry_V_(Shakespeare)
Henry_V_(film)
Henry_V_(film,_1944)
Henry_V_(film,_1989)
Henry_V_(film,_2007)
Henry_V_(pièce_de_théâtre)
Henry_V_(tragédie_historique)
Henry_V_(téléfilm,_1953)
Henry_V_(téléfilm,_1966)
Henry_V_d'Angleterre
Henry_V_de_Brunswick-Lüneburg
Henry_V_d’Angleterre
Henry_Valbel
Henry_Valensi
Henry_Vallotton
Henry_Van_de_Velde
Henry_Vanderglas
Henry_Vane
Henry_Vane-Tempest
Henry_Vane_(1er_comte_de_Darlington)
Henry_Vane_(2e_comte_de_Darlington)
Henry_Vane_(2e_duc_de_Cleveland)
Henry_Vane_(le_jeune)
Henry_Vane_the_Younger
Henry_Vannoy
Henry_Vansittart
Henry_Varnier
Henry_Varroy
Henry_Vars
Henry_Vasnier
Henry_Vassall-Fox,_3e_Baron_Holland
Henry_Vassall-Fox,_3e_baron_Holland
Henry_Vassall-Fox_(3e_baron_Holland)
Henry_Vaughan
Henry_Ventura
Henry_Verdhurdt
Henry_Verdhurt
Henry_Verdun
Henry_Vestine
Henry_Vianden
Henry_Victor
Henry_Victor_Deligny
Henry_Victor_Dyson_Dyson
Henry_Viets
Henry_Vieyra_Molina
Henry_Vignaud
Henry_Villar
Henry_Villemot
Henry_Villiers-Stuart_(1er_baron_Stuart_de_Decies)
Henry_Vincent_(6e_baronnet)
Henry_Vivian_(1er_baron_Swansea)
Henry_Vizcaino
Henry_Vizcaíno
Henry_Voulonne
Henry_W._Allen
Henry_W._Benham
Henry_W._Bigler
Henry_W._Collier
Henry_W._Dwight
Henry_W._Ellsworth
Henry_W._Gerrard
Henry_W._Hartsfield
Henry_W._Hartsfield,_Jr
Henry_W._Hartsfield,_Jr.
Henry_W._Howgate
Henry_W._Kendall
Henry_W._Livingston
Henry_W._Oliver
Henry_W._Parker
Henry_Wace
Henry_Wade
Henry_Wadsworth_Longfellow
Henry_Wager_Halleck
Henry_Waldegrave_(11e_comte_Waldegrave)
Henry_Waldegrave_(1er_baron_Waldegrave)
Henry_Walford_Davies
Henry_Wallace
Henry_Wallis
Henry_Walpole
Henry_Walston
Henry_Walter_Bates
Henry_Walter_Bellew
Henry_Walton_Grinnell
Henry_Walton_Jones_Junior
Henry_Wanton_Jones
Henry_Warburton
Henry_Ward_Beecher
Henry_Ward_Ranger
Henry_Wardlaw
Henry_Ware
Henry_Ware_(1764-1845)
Henry_Warner_Birge
Henry_Warner_Slocum
Henry_Washburn
Henry_Washington_Benham
Henry_Watkins_Skinner
Henry_Way_Kendall
Henry_Weed_Fowler
Henry_Welfare
Henry_Wellcome
Henry_Wellesley,_1er_baron_Cowley
Henry_Wellesley,_6e_duc_de_Wellington
Henry_Wellesley_(1er_baron_Cowley)
Henry_Wellesley_(3e_comte_Cowley)
Henry_Wellesley_(3e_duc_de_Wellington)
Henry_Wellesley_(6e_duc_de_Wellington)
Henry_Wells
Henry_Wells_(général)
Henry_Welsford
Henry_Wessel_Jr.
Henry_Weston_Smith
Henry_Wetherbee_Henshaw
Henry_Weyts
Henry_White
Henry_Whitehead
Henry_Whitehead_(révérend)
Henry_Whitter
Henry_Wickham
Henry_Wilberforce
Henry_Wilcoxon
Henry_Wilde
Henry_Wilfred_Brolemann
Henry_Wilfrid_Deville
Henry_Willard_Denison
Henry_William-Powlett_(3e_baron_Bayning)
Henry_William_Allingham
Henry_William_Banks_Davis
Henry_William_Barnard
Henry_William_Bayntun
Henry_William_Bunbury
Henry_William_Newlands
Henry_William_Paget
Henry_William_Paget,_2e_comte_d'Uxbridge
Henry_William_Pickersgill
Henry_William_Ravenel
Henry_William_Sampson
Henry_William_Tytler
Henry_William_Watson
Henry_William_de_Saussure
Henry_Williams
Henry_Williams_(missionnaire)
Henry_Willink
Henry_Willoughby_(5e_baron_Middleton)
Henry_Willoughby_(6e_baron_Middleton)
Henry_Wills
Henry_Wills_(journaliste)
Henry_Willson
Henry_Willy
Henry_Wilson
Henry_Wilson_(homonymie)
Henry_Winkler
Henry_Winkles
Henry_Winterbotham
Henry_Winterfeld
Henry_Wirz
Henry_Witherby
Henry_Wittenberg
Henry_Wolsey_Bayfield
Henry_Wood
Henry_Wood_(auteur)
Henry_Wood_(chef_d'orchestre)
Henry_Wood_(écrivain)
Henry_Wood_Elliott
Henry_Woodlock
Henry_Woodward
Henry_Woodward_(1832-1921)
Henry_Woodward_(explorateur)
Henry_Woodward_(inventeur)
Henry_Worsley
Henry_Worsley_(diplomate)
Henry_Worth_Thornton
Henry_Wotton
Henry_Wrigley
Henry_Wriothesley_(3e_comte_de_Southampton)
Henry_Wulschleger
Henry_Wyndham
Henry_Wyndham_(2e_baron_Leconfield)
Henry_Wynkoop
Henry_Wynn
Henry_XXXV_de_Schwarzbourg-Sondershausen
Henry_Xhrouet
Henry_Xhrouet,_dit_Chrouet
Henry_Yates_Jr.
Henry_Yates_Thompson
Henry_Yelverton_(19e_baron_Grey_de_Ruthyn)
Henry_Yevele
Henry_Yorke
Henry_Youle_Hind
Henry_Young
Henry_Yule
Henry_Yvert
Henry_Zaga
Henry_Zambrano
Henry_Zaphiratos
Henry_Zvi_Lothane
Henry_and_Anna_Kochsmeier_House
Henry_and_Eliza
Henry_d'Allemagne
Henry_d'Anty
Henry_d'Argis
Henry_d'Arles
Henry_d'Atholl
Henry_d'Avangour
Henry_d'Avaugour
Henry_d'Avigdor-Goldsmid
Henry_d'Estienne
Henry_d'Harcourt
Henry_d'Humières
Henry_d'Ormesson
Henry_d'Ormesson_(1921-1995)
Henry_d'Ormesson_(haut_fonctionnaire)
Henry_d'Uppsala
Henry_d'Écosse
Henry_de_BOURNAZEL,_Comte_de_Lespinasse_de.
Henry_de_Baillif
Henry_de_Bailly
Henry_de_Bathe_(4e_baronnet)
Henry_de_Beauchamp
Henry_de_Beaumont
Henry_de_Boulainviller
Henry_de_Boulainvillier
Henry_de_Bourgneuf_de_Cucé
Henry_de_Bournazel
Henry_de_Bracton
Henry_de_Brisay
Henry_de_Bruchard
Henry_de_Bulkeley
Henry_de_Burgh_(1er_marquis_de_Clanricarde)
Henry_de_Burghersh
Henry_de_Buttet
Henry_de_Castries
Henry_de_Champagne
Henry_de_Chazel
Henry_de_Chazelle
Henry_de_Courances
Henry_de_Daillon
Henry_de_Dion
Henry_de_Faucogney
Henry_de_Ferrers
Henry_de_Ferry
Henry_de_Fourcy
Henry_de_Galles
Henry_de_Gerin-Ricard
Henry_de_Geymüller
Henry_de_Ghent
Henry_de_Gissey
Henry_de_Gloucester
Henry_de_Gorsse
Henry_de_Gourgues
Henry_de_Graffigny
Henry_de_Grosmont
Henry_de_Groux
Henry_de_Guénegaud
Henry_de_Gérin-Ricard
Henry_de_Hastings
Henry_de_Jouvenel
Henry_de_Jouvenel_des_Ursins
Henry_de_Justamond
Henry_de_Kerillis
Henry_de_Kock
Henry_de_Kérillis
Henry_de_La_Beche
Henry_de_La_Falaise
Henry_de_La_Madelène
Henry_de_La_Vaulx
Henry_de_Lacy
Henry_de_Lancastre
Henry_de_Lesquen
Henry_de_Lesquen_du_Plessis-Casso
Henry_de_Lichton
Henry_de_Lorraine
Henry_de_Lumley
Henry_de_Magneville
Henry_de_Mauduit
Henry_de_Menten_de_Horne
Henry_de_Monfreid
Henry_de_Montherlant
Henry_de_Nassau
Henry_de_Nassau_d'Auverquerque_(1er_comte_de_Grantham)
Henry_de_Newark
Henry_de_Nogaret_de_La_Valette
Henry_de_Nompere_de_Champagny
Henry_de_Nompère_de_Champagny
Henry_de_Northumberland
Henry_de_Pene
Henry_de_Percy
Henry_de_Percy_(1er_baron_Percy)
Henry_de_Percy_(2e_baron_Percy)
Henry_de_Percy_(3e_baron_Percy)
Henry_de_Prusse
Henry_de_Puyjalon
Henry_de_Pène
Henry_de_Rancourt_de_Mimerand
Henry_de_Rancourt_de_Mimérand
Henry_de_Rothschild
Henry_de_Rouville
Henry_de_Saint-Alary
Henry_de_Saint-Clare
Henry_de_Saint_Didier
Henry_de_Segogne
Henry_de_Sta
Henry_de_Stolberg-Wernigerode
Henry_de_Sully
Henry_de_Surirey_de_Saint-Remy
Henry_de_Sussex
Henry_de_Ségogne
Henry_de_Tilly
Henry_de_Triqueti
Henry_de_Trémières
Henry_de_Turberville
Henry_de_Valady
Henry_de_Varigny
Henry_de_Vaujany
Henry_de_Vere_(18e_comte_d'Oxford)
Henry_de_Vere_Vane_(9e_baron_Barnard)
Henry_de_Vic
Henry_de_Vilmorin
Henry_de_Waroquier
Henry_de_Worms
Henry_de_Zoemeren
Henry_de_Zomeren
Henry_de_kerillis
Henry_de_kérilis
Henry_de_kérillis
Henry_de_l'Escaille
Henry_des_Abbayes
Henry_du_Buit
Henry_du_Mont
Henry_du_Moulin_de_Labarthète
Henry_du_Royaume-Uni
Henry_duret
Henry_dutrait-crozon
Henry_et_June
Henry_et_René-Émile_Bossière
Henry_ford
Henry_gaussen
Henry_george
Henry_goes_Arizona
Henry_lawes
Henry_le_Cornu
Henry_le_paisible,_duc_de_Brunswick-Lüneburg
Henry_louis-victor_rollin
Henry_louis_de_la_grange
Henry_louis_mencken
Henry_mayhew
Henry_munro
Henry_of_Almain
Henry_petit
Henry_robert_petit
Henry_rollin
Henry_van_Dyke
Henry_van_Etten
Henry_van_Loon
Henry_van_Lyck
Henry_van_de_Velde
Henry_van_de_Veldea
Henry_Øberg
Henryane_de_Chaponay
Henryetta
Henryk
Henryk_(Sainte-Croix)
Henryk_(prénom)
Henryk_Alszer
Henryk_Arctowski
Henryk_Baluszynski
Henryk_Baluszyński
Henryk_Baranowski
Henryk_Batuta
Henryk_Bałuszyński
Henryk_Berlewi
Henryk_Blazej
Henryk_Bukowski
Henryk_Bull
Henryk_Cegielski
Henryk_Chmielewski
Henryk_Chudak
Henryk_Czudek
Henryk_Dampc
Henryk_Dembiński
Henryk_Dobrzański
Henryk_Elzenberg
Henryk_Fleming
Henryk_Friedman
Henryk_Friedmann
Henryk_Fros
Henryk_Galant
Henryk_Gericke
Henryk_Goldszmit
Henryk_Gorecki
Henryk_Gotlib
Henryk_Grabowski
Henryk_Grossmann
Henryk_Gruth
Henryk_Gulbinowicz
Henryk_Górecki
Henryk_Hoser
Henryk_III_Walezy
Henryk_IV_Probus
Henryk_IV_Walezy
Henryk_Ibsen
Henryk_Ignacy_Kamieński
Henryk_Iwaniec
Henryk_Iwanski
Henryk_Iwański
Henryk_Jabłonski
Henryk_Jabłoński
Henryk_Jankowski
Henryk_Jaźnicki
Henryk_Jerzy_Salwe
Henryk_Jordan
Henryk_Józewski
Henryk_Kasperczak
Henryk_Kempny
Henryk_Kietlicz
Henryk_Kowalczyk
Henryk_Krasiński
Henryk_Kukier
Henryk_Kuzniak
Henryk_Kuźniak
Henryk_Leliwa-Roycewicz
Henryk_Liefeldt
Henryk_Ludwik_Lubomirski
Henryk_Maculewicz
Henryk_Mandelbaum
Henryk_Marconi
Henryk_Melcer
Henryk_Melcer-Szczawiński
Henryk_Merzbach
Henryk_Mikolaj_Górecki
Henryk_Mikołaj_Górecki
Henryk_Muszyński
Henryk_Mückenbrunn
Henryk_Niedzwiedzki
Henryk_Niedźwiedzki
Henryk_Nielaba
Henryk_Okarma
Henryk_Opienski
Henryk_Petrich
Henryk_Pietrzak
Henryk_Reyman
Henryk_Rodakowski
Henryk_Roman_Gulbinowicz
Henryk_Ross
Henryk_Rozmiarek
Henryk_Rzewuski
Henryk_Salwe
Henryk_Siemiradzki
Henryk_Sienkiewicz
Henryk_Skarzynski
Henryk_Skarżyński
Henryk_Skolimowski
Henryk_Srednicki
Henryk_Stazewski
Henryk_Synoracki
Henryk_Szaro
Henryk_Szczęsny
Henryk_Szeryng
Henryk_Szlajfer
Henryk_Szordykowski
Henryk_Szost
Henryk_Sławik
Henryk_Tomanek
Henryk_Tomaszewski
Henryk_Trębicki
Henryk_VI_Dobry
Henryk_Walezy
Henryk_Wardach
Henryk_Wars
Henryk_Wawrowski
Henryk_Wieczorek
Henryk_Wieniawski
Henryk_Woliński
Henryk_Woźniakowski
Henryk_Zygalski
Henryk_blazej
Henryk_Średnicki
Henryka
Henryka_Beyer
Henryka_Konarkowska
Henryka_Krzywonos
Henryka_≈?azowert√≥wna
Henrykowice
Henrykowo
Henrykowo_(Leszno)
Henrykowo_(Mazovie)
Henrykowo_(Miłakowo)
Henrykowo_(Orneta)
Henrykowo_(Środa_Wielkopolska)
Henryków
Henryków-Urocze
Henryków_(Basse-Silésie)
Henryków_(Brzeziny)
Henryków_(Gmina_Iłów)
Henryków_(Grande-Pologne)
Henryków_(Kozienice)
Henryków_(Lubusz)
Henryków_(Sainte-Croix)
Henryków_(Tomaszów_Mazowiecki)
Henryków_(Zduńska_Wola)
Henryków_(powiat_de_Grójec)
Henryków_Lubański
Henrykówka
Henrys
Henrys_Lake
Henrysin
Henrysin_(Lublin)
Henrysin_(Nowy_Dwór_Mazowiecki)
Henrysin_(Sokołów)
Henrysin_(Wyszków)
Henryszew
Henryville
Henryville_(Indiana)
Henryville_(Quebec)
Henryville_(Québec)
Hens_van_Maageren
Hensbroek
Henschel
Henschel_&_Sohn
Henschel_(homonymie)
Henschel_(usines)
Henschel_D600
Henschel_Hs_117
Henschel_Hs_117_Schmetterling
Henschel_Hs_121
Henschel_Hs_122
Henschel_Hs_123
Henschel_Hs_124
Henschel_Hs_125
Henschel_Hs_126
Henschel_Hs_126_espagnols
Henschel_Hs_126_grecs
Henschel_Hs_127
Henschel_Hs_129
Henschel_Hs_130
Henschel_Hs_132
Henschel_Hs_293
Henschel_Hs_293_A
Henschenius
Henschleben
Henschtal
Hensel
Henselmann
Henselt
Henshaw
Henshin
Hensies
Hensleigh
Hensleigh_Wedgwood
Hensley
Hensley_Koeiman
Hensley_Meulens
Hensley_Paulina
Hensley_Township_(comté_de_Champaign,_Illinois)
Hensoldt
Henson
Henson_(cheval)
Henson_(race_équine)
Henson_Associates
Henson_Trust
Henstedt-Ulzburg
Henstridge
Hensuki
Hensuki:_Are_You_Willing_to_Fall_in_Love_with_a_Pervert,_as_Long_as_She's_a_Cutie?
Hensuki:_Are_you_willing_to_fall_in_love_with_a_pervert,_as_long_as_she's_a_cutie?
Hent_Tenn
Hentai
Hentai_Ōji_to_Warawanai_Neko.
Hentai_≈?ji_to_warawanai_neko.
Hentaigana
Hentati_Nejmeddine
Hentaï
Hentchak
Hentenn
Hentern
Hentgen
Henti
Henties_Bay
Hentiy
Hentiy_(province)
Hentriacontagone
Hentriacontane
Hentsch
Henttaa
Henttala
Henty
Hentz
Hentz_(homonymie)
Hentzia
Hentzia_mitrata
Hentzia_poenitens
Hentziectypus
Hentziectypus_hermosillo
Hentziectypus_serax
Henu
Henvic
Henvoustoer
Henwen
Henxel
Heny_rollin
Henya
Henya_(Kenshin_le_vagabond)
Henya_Kariwa
Henzada
Henze
Henzel
Henån
Heo
HeoH
Heo_Chohui
Heo_Ga-yoon
Heo_Gayoon
Heo_Geun-uk
Heo_Gyun
Heo_Hwang-ok
Heo_Il-Young
Heo_Il-young
Heo_Jin-ho
Heo_Jong-suk
Heo_Jun
Heo_Jun_(escrime)
Heo_Mok
Heo_Nanseolheon
Heo_Sol-ji
Heo_Solji
Heo_Su-gyeong
Heo_Young-ji
Heo_Young-saeng
Heo_Young_Ji
Heo_Young_Saeng
Heo_Youngji
Heodes
Heodes_ottomanus
Heodes_tityrus
Heodes_virgaureae
Heoma
Heonjong
Heonjong_(Goryeo)
Heorhii_Sudakov
Heorhiy_Bushchan
Heorhiy_Kirpa
Heorhiy_Maiboroda
Heorhiy_Sudakov
Heorhiy_Tsitaishvili
Heorhiy_Zantaraya
Heorhiï_Bouchtchane
Heorhiï_Tsitaichvili
Heorot
Heorrenda
Heosemys
Heosemys_annandalii
Heosemys_depressa
Heosemys_grandis
Heosemys_leytensis
Heosemys_spinosa
Heosemys_yuwonoi
Hep
Hep_Stars
Hep_Taxi_!
Hepacivirus
Hepadnaviridae
Hepadnavirus
Hepar
Heparin-induced_thrombocytopenia
Heparine
Hepat_Corona
Hepatectomie
Hepatica
Hepatica_acutiloba
Hepatica_nobilis
Hepatica_transsilvanica
Hepatica_triloba
Hepaticae
Hepaticola
Hepaticola_hepatica
Hepaticola_petruschewskii
Hepaticophyta
Hepaticophytes
Hepatidae
Hepatite
Hepatite_C
Hepatite_alcoolique_aigue
Hepatite_de_Rubarth
Hepatite_fulminante
Hepatite_virale
Hepatites_virales_(maladie_professionnelle)
Hepatitis_A_virus
Hepatitis_B_vaccine
Hepatitis_B_virus
Hepatitis_C_virus
Hepatitis_E_virus
Hepatitis_F_virus
Hepatitis_delta_virus
Hepatocellular_carcinoma
Hepatocyte
Hepatocyte_growth_factor
Hepatocyte_nuclear_factor-4
Hepatologie
Hepatology
Hepatomegalie
Hepatopancreas
Hepatopancreatite_necrosante
Hepatopathie
Hepatophyta
Hepatopyrite
Hepatoscopie
Hepatosplenomegalie
Hepatovirus_A
Hepatozoon_felis
Hepatus
Hepatus_aliala
Hepatus_epheliticus
Hepatus_pudibundus
Hepberg
Hepburn
Hepburn_(Iowa)
Hepburn_(groupe)
Hepcat
Hepcidine
Hepetis_lorentziana
Hephaestion
Hephaestos
Hephaestus
Hephaisteia
Hephaisteion
Hephaistia
Hephaisties
Hephaistos
Hephtalite
Hephtalites
Hephthalites
Hephzibah_Menuhin
Hepialidae
Hepialoidea
Hepialus
Hepialus_lupulinus
Hepidannus
Heping
Heping_(28-25_av._J.-C.)
Hepingmen_(métro_de_Pékin)
Hepingmen_station
Hepmonésie
Hepnarová
Hepner_Hall
Hepomadus
Heppell
Heppen
Heppenbach
Heppeneer
Heppeneert
Heppenheim
Heppenheim_(homonymie)
Heppenheimer_Kreuz
Heppenheimer_Tagung
Heppens
Heppignies
Heppner
Heppner_(Oregon)
Heppner_(entreprise)
Heppner_(homonymie)
Hepscheid
Hepsetidae
Hepsetus
Hepsetus_odoe
Hepstedt
Hepta
Heptabromure_de_phosphore
Heptachlore
Heptacodium
Heptacodium_miconioides
Heptaconcours
Heptacontagone
Heptacosane
Heptacène
Heptade
Heptadecagone
Heptadécagone
Heptadécagramme
Heptadécane
Heptafluoropropane
Heptafluorure_d'iode
Heptafluorure_d'or
Heptagenia
Heptageniidae
Heptagenioidea
Heptagone
Heptagone_(album)
Heptagone_régulier
Heptagramme
Heptahectogone
Heptahydrate_de_carbonate_de_sodium
Heptahydrate_de_sulfate_de_sodium
Heptaicosagone
Heptallon_aromaticum
Heptallon_capitatum
Heptallon_ellipticum
Heptaminol
Heptamolybdate_d'ammonium
Heptamère
Heptaméride
Heptaméron
Heptan-1-ol
Heptan-2-one
Heptan-3-ol
Heptan-3-one
Heptanal
Heptane
Heptanese
Heptanitrocubane
Heptanoate_d'ethyle
Heptanoate_d'éthyle
Heptanoate_de_méthyle
Heptanoate_de_propyle
Heptanol
Heptanèse
Heptapode
Heptapoint
Heptaptera
Heptapteridae
Heptapus
Heptapyrgion
Heptapyrgion_(Constantinople)
Heptapyrgion_(Thessalonique)
Heptarchie
Heptarradiata
Heptastade
Heptasteornis
Heptasyllabe
Heptasyllabes
Heptateuque
Heptathela
Heptathela_abca
Heptathela_aha
Heptathela_amamiensis
Heptathela_australis
Heptathela_bristowei
Heptathela_ciliensis
Heptathela_cipingensis
Heptathela_crypta
Heptathela_cucphuongensis
Heptathela_gayozan
Heptathela_goulouensis
Heptathela_hangzhouensis
Heptathela_helios
Heptathela_heyangensis
Heptathela_higoensis
Heptathela_hongkong
Heptathela_hunanensis
Heptathela_jianganensis
Heptathela_kanenoi
Heptathela_kikuyai
Heptathela_kimurai
Heptathela_kimurai_amamiensis
Heptathela_kimurai_higoensis
Heptathela_kimurai_yanbaruensis
Heptathela_kojima
Heptathela_kubayama
Heptathela_luotianensis
Heptathela_mae
Heptathela_mangshan
Heptathela_nishihirai
Heptathela_nishikawai
Heptathela_nui
Heptathela_otoha
Heptathela_sapana
Heptathela_schensiensis
Heptathela_shei
Heptathela_shuri
Heptathela_sinensis
Heptathela_sumiyo
Heptathela_suoxiyuensis
Heptathela_tokashiki
Heptathela_tomokunii
Heptathela_tonkinensis
Heptathela_uken
Heptathela_unten
Heptathela_wosanensis
Heptathela_xianensis
Heptathela_xianningensis
Heptathela_yaginumai
Heptathela_yakushimaensis
Heptathela_yanbaruensis
Heptathela_yuelushanensis
Heptathela_yunnanensis
Heptathelidae
Heptathlon
Heptathlon_aux_Jeux_olympiques
Heptathlon_aux_Jeux_olympiques_d'été_de_1984
Heptathlon_aux_Jeux_olympiques_d'été_de_1988
Heptathlon_aux_Jeux_olympiques_d'été_de_1992
Heptathlon_aux_Jeux_olympiques_d'été_de_1996
Heptathlon_aux_Jeux_olympiques_d'été_de_2000
Heptathlon_aux_Jeux_olympiques_d'été_de_2004
Heptathlon_aux_Jeux_olympiques_d'été_de_2008
Heptathlon_aux_Jeux_olympiques_d'été_de_2012
Heptathlon_aux_Jeux_olympiques_d'été_de_2016
Heptathlon_aux_Jeux_olympiques_d'été_de_2020
Heptathlon_aux_championnats_d'Europe_d'athlétisme
Heptathlon_aux_championnats_du_monde_d'athletisme_2007
Heptathlon_aux_championnats_du_monde_d'athlétisme
Heptathlon_aux_championnats_du_monde_d'athlétisme_1983
Heptathlon_aux_championnats_du_monde_d'athlétisme_1987
Heptathlon_aux_championnats_du_monde_d'athlétisme_1991
Heptathlon_aux_championnats_du_monde_d'athlétisme_1993
Heptathlon_aux_championnats_du_monde_d'athlétisme_1995
Heptathlon_aux_championnats_du_monde_d'athlétisme_1997
Heptathlon_aux_championnats_du_monde_d'athlétisme_1999
Heptathlon_aux_championnats_du_monde_d'athlétisme_2001
Heptathlon_aux_championnats_du_monde_d'athlétisme_2003
Heptathlon_aux_championnats_du_monde_d'athlétisme_2005
Heptathlon_aux_championnats_du_monde_d'athlétisme_2007
Heptathlon_aux_championnats_du_monde_d'athlétisme_2009
Heptathlon_aux_championnats_du_monde_d'athlétisme_2011
Heptathlon_aux_championnats_du_monde_d'athlétisme_2013
Heptathlon_aux_championnats_du_monde_d'athlétisme_2015
Heptathlon_aux_championnats_du_monde_d'athlétisme_2017
Heptathlon_aux_championnats_du_monde_d'athlétisme_2019
Heptathlon_aux_championnats_du_monde_d'athlétisme_en_salle
Heptathlon_aux_championnats_du_monde_d'athlétisme_en_salle_2012
Heptathlon_aux_championnats_du_monde_d'athlétisme_en_salle_2014
Heptathlon_aux_championnats_du_monde_d'athlétisme_en_salle_2016
Heptathlon_aux_championnats_du_monde_d'athlétisme_en_salle_2018
Heptathlonienne
Heptathyra
Heptatonique
Heptatonisme
Heptatriacontagone
Heptatriacontane
Heptaxodontidae
Heptaxodontinae
Heptazine
Heptaèdre
Hepthalites
Heptones
Heptonolactone
Heptose
Heptoxyde_de_chlore
Heptoxyde_de_dichlore
Heptoxyde_de_dimanganèse
Heptoxyde_de_rhénium
Heptranchias
Heptranchias_perlo
Heptyle
Hepu
Hepworth
Hepworth_Studios
Hepzibah_Smith
Heqa
Heqanakht
Heqat
Heqet
Heqet_Corona
Heqin
Heqing
Hequ
Hequ_(cheval)
Her
Her's
Her/His_Majesty's_Government
Her_(film)
Her_(groupe)
Her_Accidental_Husband
Her_American_Husband
Her_Best_Move
Her_Big_Story
Her_Birthday_Knight
Her_Bitter_Cup
Her_Bohemian_Party
Her_Bounty
Her_Boy_Friend
Her_Bright_Skies
Her_Candy_Kid
Her_Cardboard_Lover
Her_Chum's_Brother
Her_Country's_Call
Her_Darkest_Hour
Her_Decision
Her_Donkey_Love
Her_Dream_Man
Her_Educator
Her_Elephant_Man
Her_Excellency,_the_Governor
Her_Fickle_Fortune
Her_Finishing_Touch
Her_First_Beau
Her_First_Beau_(film,_1916)
Her_First_Biscuits
Her_First_Mate
Her_First_Romance
Her_Friend_The_Bandit
Her_Friend_the_Bandit
Her_Gallant_Knights
Her_Great_Part
Her_Greatest_Story
Her_Heart's_Desire
Her_Highness_and_the_Bellboy
Her_Honor,_the_Governor
Her_Husband's_Deception
Her_Husband's_Honor
Her_Husband's_Trademark
Her_Husband's_Women
Her_Indian_Hero
Her_Innocent_Marriage
Her_Interactive
Her_Kingdom_of_Dreams
Her_Last_Affaire
Her_Legacy
Her_Majesty
Her_Majesty's_Canadian_Ship
Her_Majesty's_Coastguard
Her_Majesty's_Government
Her_Majesty's_Nautical_Almanac_Office
Her_Majesty's_Naval_Base_Clyde
Her_Majesty's_Prison
Her_Majesty's_Prison_Service
Her_Majesty's_Railway_Inspectorate
Her_Majesty's_Ship
Her_Majesty's_Theatre
Her_Majesty's_Theatre_(Sydney)
Her_Majesty's_Theatre_(Théatre_de_Sydney)
Her_Majesty's_Yacht
Her_Majesty,_Love
Her_Majesty_(chanson)
Her_Majesty’s_Canadian_Ship
Her_Majesty’s_Treasury
Her_Man
Her_Morbid_Desires
Her_Name_is_Nicole
Her_Noise
Her_Official_Fathers
Her_Only_Son
Her_Only_Son_(film,_1913)
Her_Own_Blood
Her_Own_Country
Her_Perilous_Ride
Her_Private_Life
Her_Private_Life_(série_télévisée)
Her_Sacrifice_(film,_1914)
Her_Shattered_Idol
Her_Sister's_Sin
Her_Smell
Her_Soldier_Sweetheart
Her_Soul's_Song
Her_Story
Her_Story_(jeu_vidéo)
Her_Story_(série)
Her_Story_(web-série)
Her_Temporary_Husband
Her_Voice_(série)
Her_Voice_(série_télévisée)
Her_Wedding_Night
Her_Younger_Sister
Hera
Hera_(Firefly)
Hera_(chanteuse)
Hera_(satellite)
Hera_Björk
Hera_Hilmar
Hera_Hilmarsdóttir
Hera_Hjartardottir
Hera_Hjartardóttir
Hera_Hussain
Hera_Syndulla
Heraclea
Heraclea_Lyncestis
Heraclea_Minoa
Heraclea_rustica
Heraclee
Heraclee_(Lucanie)
Heraclee_du_Pont
Heracleennes
Heracleia
Heracleion
Heracleopolis_Magna
Heracles
Heracles_Almelo
Heracleum
Heracleum_lanatum
Heracleum_lecokii
Heracleum_mantegazzianum
Heracleum_maximum
Heracleum_sibiricum
Heracleum_sphondylium
Heraclia
Heraclia_(Papillon)
Heraclia_poggei
Heraclianus
Heraclianus_(-268)
Heraclide_du_Pont
Heraclides
Heraclides_androgeus
Heraclides_thersites
Heraclien
Heraclite
Heraclite_d'Ephese
Heraclite_de_Tarente
Heraclitus_(cratère)
Heraclius
Heraclius_de_Gramont
Heraclius_ou_"Eracles"_d'Auvergne
Heraclonas
Heraclès
Heracura
Heradida
Heradida_bicincta
Heradida_extima
Heradida_griffinae
Heradida_loricata
Heradida_minutissima
Heradida_speculigera
Heradida_xerampelina
Heradion
Heradion_naiadis
Heradsfloi
Heraea
Heraeus
Heraia
Heraion
Heraion_(Paestum)
Heraion_de_Perachora
Heraion_de_Samos
Heraki
Herakleia
Herakleion
Herakleopolis
Herakles
Herakles_(entreprise)
Herakles_(radar)
Herakles_Farms
Herakles_HC
Herakles_archer
Heraklion
Heraklion-Nessebar
Heraklion_International_Airport
Heraklion_Kastro-Murcia
Heraklit
Herald
Herald-Examiner
Herald:_An_Interactive_Period_Drama
Herald_American
Herald_Bay
Herald_Bight
Herald_Mail
Herald_Rae_Cox
Herald_Records
Herald_Scotland
Herald_Square
Herald_Sun
Herald_Sun_Tour
Herald_Sun_Tour_2014
Herald_Sun_Tour_2015
Herald_Sun_Tour_2016
Herald_Sun_Tour_2017
Herald_Sun_Tour_2018
Herald_Sun_Tour_2019
Herald_Sun_Tour_2020
Herald_Tribune
Herald_of_Free_Enterprise
Heraldique
Heraldique_et_genealogie
Heraldiste
Heraldo
Heraldo_Bezerra
Heraldo_Muñoz
Heraldo_Weiss
Heraldo_de_Aragón
Heraldo_de_Madrid
Heralds_Prairie_Township
Heralec
Heraltice
Herange
Herapathite
Heras
Heras_(paroisse_civile)
Heras_de_Ayuso
Herat
Herat_(province)
Heratemis_chrysozona
Heratemita
Heratemita_chrysozona
Heraud
Herault
Herault_(fleuve)
Herault_Mediterranee
Herauscorritsehe
Heraut
Herauts_de_Galactus
Herb
Herb.
Herb_Abramson
Herb_Adderley
Herb_Alpert
Herb_Alpert_Presents_Sergio_Mendes_&_Brasil_'66
Herb_Alpert_Presents_Sérgio_Mendes_&_Brasil_'66
Herb_Boehm
Herb_Breau
Herb_Brooks
Herb_Brooks_Arena
Herb_Brown
Herb_Bushler
Herb_Caen
Herb_Cain
Herb_Cox
Herb_Dhaliwal
Herb_Dickieson
Herb_Douglas
Herb_Edelman
Herb_Elliott
Herb_Ellis
Herb_Epp
Herb_Fitzgibbon
Herb_Gardiner
Herb_Geller
Herb_Graffis
Herb_Gray
Herb_Grosch
Herb_Grubel
Herb_Howdle
Herb_Jaffe
Herb_Kalmbach
Herb_Kelleher
Herb_Kohl
Herb_Kreling
Herb_Krelling
Herb_Lis
Herb_Lubalin
Herb_McKenley
Herb_Meadow
Herb_Pinder
Herb_Powell
Herb_Raglan
Herb_Reed
Herb_Rhéaume
Herb_Ritts
Herb_Ross
Herb_Ryman
Herb_Score
Herb_Sorrell
Herb_Sutter
Herb_Taylor
Herb_Thomas
Herb_Titus
Herb_Trawick
Herb_Trimpe
Herb_Williams
Herb_Williams_(basket-ball)
Herb_lubalin
Herbach
Herbacé
Herbacée
Herbacées
Herbacétine
Herbage
Herbaijum
Herbaimont
Herbais
Herbalife
Herbaliser
Herbalist_Crew
Herbalist_crew
Herbalpina
Herbarium
Herbarium_amboinense
Herbarium_amboinensis
Herbarium_des_Remparts
Herbarius_de_Pseudo-Apulee
Herbarius_de_Pseudo-Apulée
Herbarius_du_Pseudo-Apulée
Herbarius_moguntinus
Herbarius_pseudo-Apulée
Herbart
Herbaspirillum
Herbasse
Herbaudière
Herbauges
Herbault
Herbault_(homonymie)
Herbe
Herbe-aux-chats
Herbe-aux-vers
Herbe-de-Saint-Benoît
Herbe-duvet
Herbe_(homonymie)
Herbe_Saint-Roch
Herbe_a_pipe
Herbe_amère
Herbe_aromatique
Herbe_au_Diable
Herbe_aux_bisons
Herbe_aux_cent_goûts
Herbe_aux_cerfs
Herbe_aux_chats
Herbe_aux_cure-dents
Herbe_aux_flèches
Herbe_aux_gencives
Herbe_aux_goutteux
Herbe_aux_mamelles
Herbe_aux_massues
Herbe_aux_mites
Herbe_aux_mouches
Herbe_aux_puces
Herbe_aux_teigneux
Herbe_aux_varices
Herbe_aux_verrues
Herbe_aux_ânes
Herbe_aux_écouvillons
Herbe_chatte
Herbe_condimentaire
Herbe_créole
Herbe_culinaire
Herbe_d'anguille
Herbe_d'onze_heures
Herbe_d'ours
Herbe_de_Dallis
Herbe_de_Guinée
Herbe_de_Provence
Herbe_de_Rhodes
Herbe_de_Sardaigne
Herbe_de_bison
Herbe_de_blé
Herbe_de_feu
Herbe_de_l'immortalité
Herbe_de_la_Trinité
Herbe_de_la_pampa
Herbe_de_la_saint-Jean
Herbe_de_saint_Fiacre
Herbe_de_saint_Paul
Herbe_des_Jésuites
Herbe_des_indiens
Herbe_des_jésuites
Herbe_des_sorcières
Herbe_du_Diable
Herbe_du_Japon
Herbe_du_Laos
Herbe_du_Rif
Herbe_du_bon_Henri
Herbe_empoisonnée
Herbe_en_Zik
Herbe_fataque
Herbe_hépatique
Herbe_médicinale
Herbe_polisson
Herbe_porc-epic
Herbe_porc-épic
Herbe_porc_epic
Herbe_porc_épic
Herbe_rouge
Herbe_roulante_de_Russie
Herbe_sacree
Herbe_sacrée
Herbe_sans_couture
Herbe_squelette
Herbe_sucrée_des_Aztèques
Herbe_vaudoise
Herbe_à_Chiron
Herbe_à_Maggi
Herbe_à_Nicot
Herbe_à_Robert
Herbe_à_ail
Herbe_à_becquet
Herbe_à_bison
Herbe_à_bonhomme
Herbe_à_bouteille
Herbe_à_calalou
Herbe_à_chapelets
Herbe_à_chat
Herbe_à_cinq_coutures
Herbe_à_cinq_côtes
Herbe_à_cinq_feuilles
Herbe_à_coton
Herbe_à_couteau
Herbe_à_crapaud
Herbe_à_crapauds
Herbe_à_jaunir
Herbe_à_l'eau
Herbe_à_l'encre
Herbe_à_la_Trinité
Herbe_à_la_femme_battue
Herbe_à_la_paralysie
Herbe_à_pic
Herbe_à_pipe
Herbe_à_poux
Herbe_à_poux_vivace
Herbe_à_printemps
Herbe_à_puce
Herbe_à_rate
Herbe_à_tortue
Herbe_à_verrues
Herbe_à_vers
Herbe_à_éléphant
Herbe_à_épée
Herbe_à_éternuer
Herbeauvillers
Herbecourt
Herbecq
Herbefays
Herbel
Herbel_(homonymie)
Herbelin
Herbelles
Herbelmont
Herbelot_de_Molainville
Herber
Herber_Neubauer
Herbergement
Herbers
Herbert
Herbert-Ernst_Vahl
Herbert-George_Wells
Herbert-Georges_Wells
Herbert-Karsenty
Herbert_(dessinateur)
Herbert_(trouvere)
Herbert_(trouvère)
Herbert_(évêque)
Herbert_(évêque_de_Rennes)
Herbert_A.E._Böhme
Herbert_A._Hauptman
Herbert_A._Simon
Herbert_Aaron_Hauptman
Herbert_Achternbusch
Herbert_Achternbusch_Filmproduktion
Herbert_Adams
Herbert_Adams_(sculpteur)
Herbert_Adamski
Herbert_Agar
Herbert_Ahues
Herbert_Albert
Herbert_Alexander_Simon
Herbert_Alfred_Vaughan
Herbert_Alpert
Herbert_Anderson
Herbert_Andrewartha
Herbert_Annesley_Packer
Herbert_Aptheker
Herbert_Art_Gallery_and_Museum
Herbert_Arthur_Disney
Herbert_Asquith
Herbert_Austin
Herbert_Avraham_Haggiag_Pagani
Herbert_B._Leonard
Herbert_Backe
Herbert_Baddeley
Herbert_Baker
Herbert_Baker_(architecte)
Herbert_Baker_(scenariste)
Herbert_Baker_(scénariste)
Herbert_Barrett
Herbert_Barth
Herbert_Bauch
Herbert_Bauer
Herbert_Baum
Herbert_Baumeister
Herbert_Bayer
Herbert_Beerbohm_Tree
Herbert_Beery
Herbert_Behrens
Herbert_Behrens_(homme_politique)
Herbert_Behrens_(tennis)
Herbert_Belter
Herbert_Benson
Herbert_Berghof
Herbert_Biberman
Herbert_Blache
Herbert_Blache-Bolton
Herbert_Blaché
Herbert_Blaize
Herbert_Blankenhorn
Herbert_Bloch
Herbert_Block
Herbert_Blocker
Herbert_Bloecker
Herbert_Blomstedt
Herbert_Blumer
Herbert_Blöcker
Herbert_Boeckl
Herbert_Bowden
Herbert_Boyer
Herbert_Brean
Herbert_Brenon
Herbert_Brereton_Baker
Herbert_Brewer
Herbert_Brooks
Herbert_Brovarnik
Herbert_Brown_Ames
Herbert_Brownell_Junior
Herbert_Brück
Herbert_Brücker
Herbert_Burrows
Herbert_Butterfield
Herbert_Büchs
Herbert_C._Brown
Herbert_C._Hoover
Herbert_Cain
Herbert_Callen
Herbert_Callhoff
Herbert_Chapman
Herbert_Charles_Brown
Herbert_Chitepo
Herbert_Clark_Hoover
Herbert_Clarke
Herbert_Clyde_Lewis
Herbert_Copeland
Herbert_Croft
Herbert_Croly
Herbert_Dalmas
Herbert_David_Ross
Herbert_Demetz
Herbert_Denham_Brotheridge
Herbert_Dicksee
Herbert_Dieckmann
Herbert_Diess
Herbert_Dill
Herbert_Dingle
Herbert_Dirmoser
Herbert_Distel
Herbert_Dixon_(1er_baron_Glentoran)
Herbert_Doms
Herbert_Dorfmann
Herbert_Douglas
Herbert_Draper
Herbert_Dreilich
Herbert_Druce
Herbert_Drury
Herbert_E._Soper
Herbert_E._Winlock
Herbert_ELLIOTT
Herbert_Edelman
Herbert_Edward_Read
Herbert_Edward_Soper
Herbert_Ehrenberg
Herbert_Eimert
Herbert_Eisenreich
Herbert_Elkuch
Herbert_Elliott
Herbert_Elwell
Herbert_Erhardt
Herbert_Ernest_Bates
Herbert_Ernst_Karl_Frahm
Herbert_Eser_Gray
Herbert_Eugene_Bolton
Herbert_Eugene_Ives
Herbert_Eulenberg
Herbert_Eustis_Winlock
Herbert_Eveillechien
Herbert_Ewe
Herbert_F._Johnson_Museum_of_Art
Herbert_Fandel
Herbert_Faulkner_Copeland
Herbert_Fechner
Herbert_Federer
Herbert_Feigl
Herbert_Feis
Herbert_Felix
Herbert_Ferber
Herbert_Feuerstein
Herbert_Feurer
Herbert_Fields
Herbert_Fink
Herbert_Fisher
Herbert_Flack
Herbert_Flam
Herbert_Fleischmann
Herbert_Fleischner
Herbert_Floss
Herbert_Flowerdew
Herbert_Fordham
Herbert_Frahm
Herbert_Franke_(sinologue)
Herbert_Freudenberger
Herbert_Friedman
Herbert_Friedmann
Herbert_Fritzenwenger
Herbert_Fryer
Herbert_Fröhlich
Herbert_Fuller_Wernham
Herbert_Fux
Herbert_G._Grubel
Herbert_G._Wells
Herbert_Garbe
Herbert_Gardiner
Herbert_Gardner_(1er_baron_Burghclere)
Herbert_Garrison
Herbert_Gasser
Herbert_George_Wells
Herbert_Ghilen
Herbert_Giles
Herbert_Gille
Herbert_Girton_Deignan
Herbert_Gladstone_(1er_vicomte_Gladstone)
Herbert_Godwin
Herbert_Goldstein
Herbert_Graf
Herbert_Green
Herbert_Greenfield
Herbert_Grohs
Herbert_Grommes
Herbert_Gronemeyer
Herbert_Gruber
Herbert_Gruber_(producteur)
Herbert_Gruhl
Herbert_Grönemeyer
Herbert_Grünsteidl
Herbert_Gundelach
Herbert_Gutierrez
Herbert_Gutierrez_Garcia
Herbert_Gutiérrez
Herbert_H._Jasper
Herbert_H._Lehman
Herbert_Haddock
Herbert_Hagen
Herbert_Hainer
Herbert_Hall_Turner
Herbert_Hamilton_Harty
Herbert_Haresnape
Herbert_Hart
Herbert_Hartmann
Herbert_Hasler
Herbert_Hauptman
Herbert_Heidenreich
Herbert_Heidtmann
Herbert_Henck
Herbert_Henry_Asquith
Herbert_Herrmann
Herbert_Herz
Herbert_Heyes
Herbert_Hill
Herbert_Hinkler
Herbert_Hochberg
Herbert_Holt
Herbert_Hoover
Herbert_Hoover_National_Historic_Site
Herbert_Horne
Herbert_Howells
Herbert_Huber
Herbert_Hughes
Herbert_Hughes-Stanton
Herbert_Huncke
Herbert_Hunger
Herbert_Huntington-Whiteley
Herbert_Huntington_Smith
Herbert_Huwiler
Herbert_Hübner
Herbert_I._Leeds
Herbert_III_d'Omois
Herbert_III_de_Vermandois
Herbert_II_de_Troyes
Herbert_II_de_Vermandois
Herbert_II_du_Maine
Herbert_IV_de_Vermandois
Herbert_Ier_de_Thouars
Herbert_Ier_de_Vermandois
Herbert_Ier_du_Maine
Herbert_Ihlefeld
Herbert_J._Biberman
Herbert_J._C._Grierson
Herbert_J._Freudenberger
Herbert_J._Ryser
Herbert_J._Yates
Herbert_Jacob_Gute
Herbert_James_Draper
Herbert_James_Godwin
Herbert_James_Palmer
Herbert_James_Stanley
Herbert_James_Willing
Herbert_Jamison
Herbert_Janeczka
Herbert_Jankuhn
Herbert_Jasper
Herbert_Jefferson,_Jr.
Herbert_Jefferson_Jr.
Herbert_Jennings_Rose
Herbert_Jessel_(1er_baron_Jessel)
Herbert_Johanson
Herbert_John_Ryser
Herbert_John_Webber
Herbert_Jonckers
Herbert_Jones
Herbert_K._Sorrell
Herbert_Kalmus
Herbert_Kappler
Herbert_Karlsson
Herbert_Kawan
Herbert_Keddi
Herbert_Kegel
Herbert_Kenneth_Airy_Shaw
Herbert_Kessler_(hockey_sur_glace)
Herbert_Keßler
Herbert_Kickl
Herbert_Kilpin
Herbert_Kirchhoff
Herbert_Kitchener
Herbert_Klein
Herbert_Kline
Herbert_Klynn
Herbert_Knaup
Herbert_Koch
Herbert_Kohl
Herbert_Kretzmer
Herbert_Kroemer
Herbert_Krosney
Herbert_Krug
Herbert_Kuppisch
Herbert_Köfer
Herbert_L._Strock
Herbert_Laming
Herbert_Lang
Herbert_Lange
Herbert_Langford_Reed
Herbert_Lawford
Herbert_Lawrence_Block
Herbert_Le_Porrier
Herbert_Leonard
Herbert_Leonhardt
Herbert_Lespinasse
Herbert_Leupold
Herbert_Lewis
Herbert_Lieberman
Herbert_Lincoln_Clarke
Herbert_Linden
Herbert_Lindlar
Herbert_Lindström
Herbert_Linge
Herbert_Lionel_Henry_Vane-Tempest
Herbert_List
Herbert_Loch
Herbert_Lom
Herbert_Lottman
Herbert_Lumsden
Herbert_Léonard
Herbert_M._Dawley
Herbert_M._Shelton
Herbert_M._Sobel
Herbert_MacKay-Fraser
Herbert_Maier
Herbert_Maisch
Herbert_Maisl
Herbert_Marcuse
Herbert_Marshall
Herbert_Marshall_McLuhan
Herbert_Marx
Herbert_Maryon
Herbert_Mataré
Herbert_Matter
Herbert_Matthews
Herbert_Maxwell_(7e_baronnet)
Herbert_Maynard_Smith
Herbert_Mayo
Herbert_McKenley
Herbert_Meredith_Marler
Herbert_Mertin
Herbert_Miles
Herbert_Mogg
Herbert_Morrison
Herbert_Morrison_(annonceur)
Herbert_Mullin
Herbert_Mumm_von_Schwarzenstein
Herbert_Mundin
Herbert_Murerwa
Herbert_Márquez
Herbert_Mäder
Herbert_Müller
Herbert_Müller_(hockey_sur_gazon)
Herbert_Müller_(homme_politique)
Herbert_Müller_(homme_politique,_1900)
Herbert_Müller_(pilote)
Herbert_Müller_(politicien_allemand)
Herbert_Nebe
Herbert_Neubauer
Herbert_Neumann
Herbert_Ninaus
Herbert_Nitsch
Herbert_Norkus
Herbert_Norman_Schwarzkopf
Herbert_O'Connor
Herbert_Oakeley
Herbert_Oberhofer
Herbert_Osterkamp
Herbert_Otto_Gille
Herbert_P._Bix
Herbert_Pagani
Herbert_Pagani_Megalopolis
Herbert_Pankau
Herbert_Paul_Schaap
Herbert_Paul_Schmeck
Herbert_Payne
Herbert_Pease_(1er_baron_Daryngton)
Herbert_Pepper
Herbert_Percy_Horne
Herbert_Peters
Herbert_Pilch
Herbert_Pitman
Herbert_Plank
Herbert_Ploberger
Herbert_Plumer
Herbert_Ponting
Herbert_Poole
Herbert_Porter
Herbert_Potts
Herbert_Powell
Herbert_Prikopa
Herbert_Prior
Herbert_Prohaska
Herbert_Putnam
Herbert_Pöck
Herbert_R._Axelrod
Herbert_R._Lottman
Herbert_Raab
Herbert_Raphael
Herbert_Rappaport
Herbert_Ratz
Herbert_Rawlinson
Herbert_Read
Herbert_Reginbogin
Herbert_Rehbein
Herbert_Reinecker
Herbert_Renoth
Herbert_Reul
Herbert_Rice
Herbert_Richardson
Herbert_Richter
Herbert_Richter_(cyclisme)
Herbert_Ricke
Herbert_Robbins
Herbert_Roper-Barrett
Herbert_Roper_Barrett
Herbert_Rosenfeld
Herbert_Rosenkranz
Herbert_Ross
Herbert_Rudley
Herbert_Ruff
Herbert_Runge
Herbert_Rutledge_Southworth
