John_Beveridge
John_Bevis
John_Beynon
John_Biby
John_Bickerton
John_Bickley
John_Biddle
John_Biddulph
John_Bidwell
John_Biffen
John_Biffen_(Baron_Biffen)
John_Big_Tree
John_Bigelow
John_Bigland
John_Bigler
John_Biller
John_Billingham
John_Billings
John_Billingsley
John_Bingham
John_Bingham_(5e_baronnet)
John_Bingham_(homme_politique)
John_Bingham_(romancier)
John_Birch_Society
John_Bird
John_Bird_(baron_Bird)
John_Bird_Sumner
John_Birkenhead
John_Birkin
John_Birkinshaw
John_Birmingham
John_Birmingham_(astronome)
John_Birt
John_Biscoe
John_Bishop
John_Bisland
John_Bissell_Carroll
John_Björkengren
John_Black
John_Black_(1740-1820)
John_Black_(Wisconsin)
John_Blackburn
John_Blackburn_(auteur)
John_Blackham
John_Blackley
John_Blackwall
John_Blackwell
John_Blackwood_MacEwen
John_Blackwood_McEwen
John_Blaha
John_Blair
John_Blair_(chronologiste)
John_Blair_(juge)
John_Blair_Smith_Todd
John_Blake
John_Blake_Rice
John_Blake_White
John_Blanche
John_Blanke
John_Blankenstein
John_Blaquiere_(1er_baron_de_Blaquiere)
John_Blenkinsop
John_Blewett_III
John_Bligh_(3e_comte_de_Darnley)
John_Bligh_(4e_comte_de_Darnley)
John_Bligh_(6e_comte_de_Darnley)
John_Blitheman
John_Block
John_Block_(basketball)
John_Bloom
John_Bloom_(acteur)
John_Bloom_(monteur)
John_Bloomfield
John_Blot
John_Blow
John_Bluck
John_Blundell_Maple
John_Blyth
John_Boardman
John_Bobbitt
John_Boccabella
John_Bocco
John_Bock
John_Bodkin_Adams
John_Boe
John_Boecklin
John_Boeckling
John_Boehner
John_Bohlinger
John_Bohn_Ebsen
John_Boland
John_Boland_(écrivain)
John_Boles
John_Bolling
John_Bollinger
John_Bolton
John_Bolton_(auteur)
John_Bolton_(homme_politique)
John_Bond
John_Bond_(banquier)
John_Bond_(football)
John_Bond_(philologue)
John_Bonello
John_Bonett
John_Bongiovi:_The_Power_Station_Years
John_Bonham
John_Bonham-Carter_(1788-1838)
John_Bonham-Carter_(1817-1884)
John_Bonnycastle
John_Boorman
John_Boormann
John_Booth_(évêque)
John_Boozman
John_Bordenave_Villepigue
John_Borland_Thayer
John_Borlase_Warren
John_Bormann
John_Borowski
John_Borthwick
John_Bosch
John_Bosco_Baremes
John_Bosco_Manat_Chuabsamai
John_Bosley
John_Bosman
John_Bost
John_Bostock
John_Bostock_(médecin)
John_Boswell
John_Boswell_(rugby)
John_Boswell_(rugby_à_XV)
John_Boteler_(1er_baron_Boteler_de_Brantfield)
John_Boudebza
John_Boulting
John_Bourne
John_Bourque
John_Boutté
John_Bowden_Connally
John_Bowe
John_Bowen
John_Bowen_(1780-1827)
John_Bower
John_Bower_Mowat
John_Bowers
John_Bowes
John_Bowes-Lyon
John_Bowes_(10e_comte_de_Strathmore_et_Kinghorne)
John_Bowes_(1811-1885)
John_Bowes_(1er_baron_Bowes)
John_Bowes_(9e_comte_de_Strathmore_et_Kinghorne)
John_Bowes_(speaker)
John_Bowes_(vraquier)
John_Bowker
John_Bowker_(baseball)
John_Bowlby
John_Bowring
John_Box
John_Boychuk
John_Boyd
John_Boyd-Carpenter
John_Boyd_(acteur)
John_Boyd_(homme_politique)
John_Boyd_(stratège)
John_Boyd_(écrivain)
John_Boyd_Dunlop
John_Boyd_Orr
John_Boyd_Orr_of_Brechin
John_Boydell
John_Boye
John_Boyega
John_Boyle
John_Boyle,_5th_Comte_de_Cork_et_5th_Comte_d'Orrery
John_Boyle_(15e_comte_de_Cork)
John_Boyle_(2e_comte_de_Glasgow)
John_Boyle_(3e_comte_de_Glasgow)
John_Boyle_O'Reilly
John_Boyne
John_Boynton_Priestley
John_Boyton_Priestley
John_Brabazon_(10e_comte_de_Meath)
John_Brabourne
John_Brack
John_Bracken
John_Bradburne
John_Bradbury
John_Bradbury_(1er_baron_Bradbury)
John_Bradbury_(botaniste)
John_Brademas
John_Bradfield_(ingénieur)
John_Bradley
John_Bradley-West
John_Bradshaw
John_Bradshaw_(juge)
John_Bradshaw_(réalisateur)
John_Bradshaw_(theologien)
John_Bradshaw_(théologien)
John_Bradshaw_Layfield
John_Bradstreet
John_Brady
John_Brady_Kiesling
John_Bragge
John_Braham
John_Braham_(pilote)
John_Brahm
John_Braine
John_Braithwaite
John_Bramhall
John_Brancato
John_Branch
John_Brander
John_Brandon
John_Brandon_(écrivain)
John_Brannigan
John_Brantley
John_Braspennincx
John_Brass
John_Bratby
John_Braxton_Hicks
John_Bray
John_Brayford
John_Breaux
John_Brebbia
John_Breckinridge
John_Breen
John_Brennan
John_Brenneman
John_Brenner
John_Brett
John_Brian_Ward-Perkins
John_Briceño
John_Bricker
John_Bridgeman
John_Briggs
John_Bright
John_Bright_(bibliste)
John_Bright_(costumier)
John_Bright_(homme_politique)
John_Bright_(scenariste)
John_Bright_(scénariste)
John_Briley
John_Brillhart
John_Brim
John_Brinck
John_Brinckerhoff_Jackson
John_Brinkley
John_Brinkley_(astronome)
John_Britton
John_Britton_(doctor)
John_Britton_(mathématicien)
John_Broadhurst
John_Broadus_Watson
John_Broadwood
John_Brock
John_Broderick_(crosse)
John_Brodie
John_Brodrick
John_Broman
John_Bromfield
John_Brompton
John_Bromwich
John_Bronowski
John_Brooke_(2e_vicomte_Brookeborough)
John_Brooks
John_Brooks_(football)
John_Brooks_(gouverneur)
John_Brooks_(soccer)
John_Brooks_Henderson
John_Broome
John_Broome_(gouverneur)
John_Brotherton
John_Broughton
John_Brown
John_Brown's_Body
John_Brown's_Fort
John_Brown_&_Company
John_Brown_(basket-ball)
John_Brown_(basketball)
John_Brown_(docteur)
John_Brown_(domestique)
John_Brown_(esclave)
John_Brown_(essayiste)
John_Brown_(football)
John_Brown_(football_américain)
John_Brown_(homonymie)
John_Brown_(médecin)
John_Brown_(officier)
John_Brown_(sénateur)
John_Brown_Fort
John_Brown_Gordon
John_Brown_Museum
John_Brown_Russwurm
John_Browne
John_Browne_(1er_comte_d'Altamont)
John_Browne_(1er_marquis_de_Sligo)
John_Browne_(3e_baron_Kilmaine)
John_Browne_(artiste)
John_Browne_(compositeur)
John_Browne_(homonymie)
John_Browning
John_Browning_(pianiste)
John_Brownlow_(1er_vicomte_Tyrconnel)
John_Brownlow_(3e_baronnet)
John_Bruce
John_Bruce_Lockhart
John_Brumby
John_Brunner
John_Brunner_(1er_baronnet)
John_Brunner_(2e_baronnet)
John_Bruno
John_Bruton
John_Bruton_(homonymie)
John_Bryan
John_Bryan_(directeur_artistique)
John_Bryan_(producteur)
John_Bryan_Ward-Perkins
John_Bryant
John_Bryant_Lane
John_Bryce_McLeod
John_Bryden
John_Brydges,_marquis_de_Carnarvon
John_Brydges_(marquis_de_Carnarvon)
John_Bryn_Williams
John_Bryson
John_Bryson_(homme_politique_américain)
John_Bryson_(homme_politique_canadien)
John_Brzenk
John_Brzozowski
John_Buana_N'Galula
John_Buchan
John_Buchan,_premier_baron_Tweedsmuir_d'Elsfield
John_Buchanan
John_Buchanan_(cricket)
John_Buchanan_(homme_politique)
John_Buchanan_(pionnier_américain)
John_Buchanan_(rugby)
John_Buchanan_(rugby_à_XV)
John_Buchanan_(voile)
John_Buchanan_Floyd
John_Buck
John_Buck_(baseball)
John_Buckland_Wright
John_Buckley
John_Bucyk
John_Bud_Cardos
John_Buechler
John_Buell
John_Buffum
John_Buford
John_Bull
John_Bull_(astronaute)
John_Bull_(compositeur)
John_Bull_(locomotive)
John_Bull_(personnage)
John_Buller_(homme_politique)
John_Bulmer
John_Bulteel_(1629-1669)
John_Bulteel_(écrivain)
John_Bulter_Trio
John_Bulwer
John_Bundrick
John_Bunny
John_Bunyan
John_Bupila
John_Burdett
John_Burdon_Sanderson_Haldane
John_Burgee
John_Burgoyne
John_Burke
John_Burke_(9e_comte_de_Clanricard)
John_Burke_(généalogiste)
John_Burke_(homonymie)
John_Burnet
John_Burnett
John_Burningham
John_Burns
John_Burnside
John_Burroughs
John_Burton
John_Burton_(acteur)
John_Burton_Cleland
John_Bury
John_Buscema
John_Bush
John_Bussy
John_Butcher
John_Butler
John_Butler_(17e_comte_d'Ormonde)
John_Butler_(2e_marquis_d'Ormonde)
John_Butler_(6e_comte_d'Ormond)
John_Butler_(6e_comte_d'Ormonde)
John_Butler_(album)
John_Butler_(homonymie)
John_Butler_Trio
John_Butler_Yeats
John_Butt
John_Buttifant_Sewel
John_Buttigieg
John_Buttler_Trio
John_By
John_Byam_Liston_Shaw
John_Byner
John_Byng
John_Byng-Hall
John_Byng_(1er_comte_de_Strafford)
John_Byng_(écrivain)
John_Byng_Hall
John_Byrne
John_Byrne's_Next_Men
John_Byrne_(comics)
John_Byrne_(dessinateur)
John_Byrne_(homonymie)
John_Byrne_en_version_française
John_Byron
John_Byron_(1er_baron_Byron)
John_Byron_(officier)
John_Börjeson
John_C.G._Röhl
John_C._Alder
John_C._Allen
John_C._Bogle
John_C._Brandt
John_C._Breckinridge
John_C._Butcher
John_C._Caldwell
John_C._Calhoun
John_C._Carney
John_C._Carney,_Jr.
John_C._Chase
John_C._Duncan
John_C._Eastman
John_C._Elliott
John_C._Flanagan
John_C._Fleming
John_C._Fremont
John_C._Frémont
John_C._G._Röhl
John_C._Garand
John_C._Harsanyi
John_C._Heenan
John_C._Higgins
John_C._Holmes
John_C._Lettsom
John_C._Lettsome
John_C._Lilly
John_C._Major
John_C._Malone
John_C._Mather
John_C._McDonnell
John_C._McGinley
John_C._Meyer
John_C._Moore
John_C._Munro
John_C._Pemberton
John_C._Pierrakos
John_C._Polanyi
John_C._Porte
John_C._Raven
John_C._Reilly
John_C._Reynolds
John_C._Rice
John_C._Slater
John_C._Spencer
John_C._Stennis
John_C._Stennis_Space_Center
John_C._Trever
John_C._Turner
John_C._Turner_(psychologue)
John_C._Vaughn
John_C._Waldron
John_C._Wells
John_C._Woods
John_C._Wright
John_C._Yoo
John_Cabell_Breckinridge
John_Cabess
John_Cabot
John_Cabrera
John_Cacavas
John_Cadbury
John_Cade
John_Cady
John_Cage
John_Cairncross
John_Caius
John_Calcraft
John_Calcraft_le_Jeune
John_Calder
John_Caldwell
John_Caldwell_Calhoun
John_Caldwell_Calhoun_Sanders
John_Caldwell_Holt
John_Cale
John_Calhoun
John_Calhoun_Bell
John_Calipari
John_Callen
John_Calley
John_Callis
John_Callis_(pirate)
John_Calnan
John_Calvin_Batchelor
John_Calvin_Brown
John_Calvin_Coolidge
John_Calvin_Culver
John_Cam_Hobhouse
John_Cameron
John_Cameron_(football,_1872)
John_Cameron_(footballeur,_né_en_1872)
John_Cameron_Mitchell
John_Camoletti
John_Campbell
John_Campbell,_4ème_comte_de_Loudoun
John_Campbell,_deuxième_duc_d'Argyll
John_Campbell,_neuvième_duc_d'Argyll
John_Campbell-Jones
John_Campbell_(1770-1809)
John_Campbell_(1807-1855)
John_Campbell_(1845-1914)
John_Campbell_(1er_baron_Campbell)
John_Campbell_(1er_baron_Cawdor)
John_Campbell_(1er_comte_Cawdor)
John_Campbell_(1er_marquis_de_Breadalbane)
John_Campbell_(2e_comte_Cawdor)
John_Campbell_(2e_comte_de_Breadalbane_et_Holland)
John_Campbell_(2e_duc_d'Argyll)
John_Campbell_(2e_marquis_de_Breadalbane)
John_Campbell_(3e_comte_de_Breadalbane_et_Holland)
John_Campbell_(4e_comte_de_Loudoun)
John_Campbell_(4e_duc_d'Argyll)
John_Campbell_(5e_duc_d'Argyll)
John_Campbell_(7e_duc_d'Argyll)
John_Campbell_(9e_duc_d'Argyll)
John_Campbell_(comte_d'Atholl)
John_Campbell_(ecrivain_ecossais)
John_Campbell_(football,_1870)
John_Campbell_(football,_1871)
John_Campbell_(footballeur,_1870)
John_Campbell_(footballeur,_1871)
John_Campbell_(guitariste)
John_Campbell_(homme_politique_canadien)
John_Campbell_(homme_politique_québécois)
John_Campbell_(missionnaire)
John_Campbell_(officier_de_la_Royal_Navy)
John_Campbell_(politicien_canadien)
John_Campbell_(écrivain_écossais)
John_Campbell_Allen
John_Campbell_Elliott
John_Campbell_Gordon
John_Campbell_Hamilton_Gordon
John_Campbell_Hamilton_Gordon,_septième_comte_d'Aberdeen
John_Campbell_Merriam
John_Campbell_de_Mamore
John_Canaday
John_Candy
John_Canemaker
John_Canfield_Spencer
John_Cannis
John_Cannon
John_Cantacuzène_(sébaste)
John_Cantlie
John_Canton
John_Cantwell
John_Capel
John_Capodice
John_Capodistria
John_Cappelletti
John_Caputo
John_Carbutt
John_Carden
John_Cardos
John_Carew
John_Carew_(3e_baronnet)
John_Carew_Eccles
John_Carey
John_Carey_(philologue)
John_Carik
John_Carisi
John_Carl_Buechler
John_Carl_Flügel
John_Carl_Parker
John_Carleton
John_Carleton_(combiné_nordique)
John_Carleton_(ski)
John_Carlin
John_Carlos
John_Carlsen
John_Carlson
John_Carlyle_Raven
John_Carmack
John_Carmel_Heenan
John_Carmichael
John_Carmichael_(-1600)
John_Carmichael_(3e_comte_de_Hyndford)
John_Carmichael_(compositeur)
John_Carmichael_(homme_politique)
John_Carne_Bidwill
John_Carnell
John_Carnell_Crosbie
John_Carney
John_Carnio
John_Caro
John_Carpenter
John_Carpenter's_Ghosts_of_Mars
John_Carpenter_(Who_wants_to_be_a_millionaire)
John_Carpenter_(arbitre)
John_Carr_Munro
John_Carradine
John_Carreyrou
John_Carrick
John_Carroll
John_Carroll_(acteur)
John_Carroll_(basket-ball)
John_Carroll_(journaliste)
John_Carroll_(évêque)
John_Carroll_Lynch
John_Carroll_University
John_Carrère
John_Carson
John_Carter
John_Carter_(Urgences)
John_Carter_(clarinettiste)
John_Carter_(comics)
John_Carter_(contrebandier)
John_Carter_(film)
John_Carter_(homme_politique)
John_Carter_(ingénieur_du_son)
John_Carter_(personnage)
John_Carter_Allen
John_Carter_Allen_et_Charles_Manning_Allen
John_Carter_Bacot
John_Carter_de_Mars
John_Carter_of_Mars
John_Carter_of_Mars_(film)
John_Carter_of_Mars_(personnage)
John_Carteret
John_Carteret,_2e_comte_de_Granville
John_Carteret,_2ème_Comte_de_Granville
John_Carteret_(2e_comte_Granville)
John_Cartwright
John_Cartwright_(homme_politique)
John_Carty
John_Carver
John_Carver_(football)
John_Carver_(footballeur)
John_Carver_(gouverneur)
John_Carver_Meadows_Frost
John_Cary
John_Casablancas
John_Case
John_Casey
John_Casey_(Chuck)
John_Casey_(mathématicien)
John_Cashman,_Jr._Memorial
John_Cashmore_Ltd
John_Caskey
John_Casper
John_Cassaday
John_Cassavetes
John_Cassavetes_(documentaire)
John_Cassells
John_Cassels
John_Cassidy
John_Cassidy_(journaliste)
John_Cassin
John_Castellani
John_Castle
John_Catliff
John_Caulfield
John_Cavendish
John_Cavendish_(5e_baron_Chesham)
John_Cavil
John_Cazale
John_Cecil_(4e_comte_d'Exeter)
John_Cecil_(5e_comte_d'Exeter)
John_Cecil_(6e_comte_d'Exeter)
John_Cecil_(7e_comte_d'Exeter)
John_Cecil_Masterman
John_Celardo
John_Celestand
John_Celivergos_Zachos
John_Cena
John_Chabot
John_Chadwick
John_Chafee
John_Challis
John_Challis_(acteur)
John_Challis_(facteur_de_clavecins)
John_Chamberlain
John_Chambers
John_Chambers_(CEO)
John_Chambers_(entrepreneur)
John_Chambers_(maquilleur)
John_Chambers_(statisticien)
John_Chancellor
John_Chancellor_(administrateur_britannique)
John_Chandler
John_Chandos
John_Chapman
John_Chapman_(abbé)
John_Chapman_(auteur_dramatique)
John_Chapman_(botaniste)
John_Chapman_(cyclisme)
John_Chapman_(dramaturge)
John_Chapman_(écrivain)
John_Chapman_(évêque)
John_Chapple
John_Chard
John_Charest
John_Charles
John_Charles_Alder
John_Charles_Beckwith
John_Charles_Bigham
John_Charles_Burkill
John_Charles_Campbell
John_Charles_Carter
John_Charles_Day
John_Charles_Dollman
John_Charles_Duncan
John_Charles_Fields
John_Charles_Fremont
John_Charles_Frémont
John_Charles_Harsanyi
John_Charles_Herries
John_Charles_Kaine
John_Charles_Layfield
John_Charles_McCorkill
John_Charles_Molteno
John_Charles_Montagu-Douglas-Scott,_septième_duc_de_Buccleuch
John_Charles_Montagu-Douglas-Scott_de_Buccleuch
John_Charles_Moore_Grant
John_Charles_Polanyi
John_Charles_Poynton
John_Charles_Ramsden
John_Charles_Varrall
John_Charles_Waldron
John_Charles_Walker
John_Charles_‚ÄúJock‚Ä?_Campbell
John_Charlton
John_Charmley
John_Chase
John_Chase_(artiste)
John_Chase_(homonymie)
John_Chaworth_(2e_vicomte_Chaworth)
John_Chayka
John_Cheever
John_Cheffers
John_Cheney
John_Cheruiyot_Korir
John_Chetwynd
John_Chetwynd-Talbot_(1er_comte_Talbot)
John_Chetwynd_(2e_vicomte_Chetwynd)
John_Cheyne
John_Cheyne_(diplomate)
John_Cheyne_(médecin)
John_Cheyne_(speaker)
John_Chibuike
John_Child
John_Child_(beach-volley)
John_Chilembwe
John_Chisum
John_Chivington
John_Cho
John_Choma
John_Chowning
John_Choyce
John_Christ
John_Christensen
John_Christian
John_Christian_Ruid
John_Christian_Schetky
John_Christian_Schultz
John_Christie
John_Christmas_Møller
John_Christoforou
John_Christopher
John_Christopher_Heritage
John_Christopher_Ingham_Roper-Curzon_(20e_baron_Teynham)
John_Christopher_Smith
John_Christopher_Stevens
John_Christopher_Willis
John_Churchill
John_Churchill,_duc_de_Malborough
John_Churchill_(1er_duc_de_Marlborough)
John_Churchill_(Marlborough)
John_Ciaccia
John_Ciardi
John_Cioffi
John_Cipollina
John_Clanchy
John_Clancy_(homme_politique)
John_Clare
John_Clarey
John_Clark
John_Clark_(Mile_End)
John_Clark_(football)
John_Clark_(football,_1941)
John_Clark_(football,_1964)
John_Clark_(footballeur)
John_Clark_(homonymie)
John_Clark_Gable
John_Clark_Slater
John_Clarke_Moore
John_Clarke_Slater
John_Clarkson
John_Claude_Nattes
John_Claudius_Beresford
John_Claudius_Loudon
John_Clauser
John_Clavell
John_Clawson
John_Clayton
John_Clayton_(bassiste)
John_Clayton_(botaniste)
John_Clayton_(secrétaire_d'État)
John_Clayton_Adams
John_Clayton_Mayer
John_Clayton_Nienstedt
John_Cleese
John_Cleland
John_Cleland_(ecrivain)
John_Cleland_(pilote)
John_Cleland_(écrivain)
John_Clellon_Holmes
John_Clem
John_Clement_Gordon
John_Clements_Wickham
John_Clerc
John_Clerk_de_Pennycuik
John_Clerk_of_Eldin
John_Cleve
John_Cleveland
John_Cleveland_Robinson
John_Clifford
John_Clifford_(7e_baron_de_Clifford)
John_Clifford_(9e_baron_de_Clifford)
John_Clifford_(baptiste)
John_Clifford_Mortimer
John_Clinton_Porter
John_Clipperton
John_Clive
John_Clotworthy_(1er_vicomte_Massereene)
John_Clute
John_Cluysenaar
John_Clynes
John_Coakley_Lettsom
John_Coakley_Lettsome
John_Coape_Sherbrooke
John_Coates
John_Cobb
John_Cobbold
John_Cochrane
John_Cockcroft
John_Cocke
John_Cockerhx
John_Cockerill
John_Cockerill,_200_ans_d'avenir
John_Cockerill_(entreprise)
John_Cockerill_(homonymie)
John_Cockett
John_Cockram
John_Cocks_(1er_comte_Somers)
John_Cody
John_Cody_(cardinal)
John_Cody_(syndicaliste)
John_Coe
John_Coffee
John_Coffey
John_Coghlan
John_Colagioia
John_Colborne
John_Cole
John_Cole_(2e_comte_d'Enniskillen)
John_Cole_(journaliste)
John_Coleman
John_Coleman_(musicien)
John_Coleman_Moore
John_Colet
John_Colgan
John_Colicos
John_Colin_Davidson
John_Collee
John_Colleton
John_Collier
John_Collier_(athlète)
John_Collier_(athlétisme)
John_Collier_(caricaturiste)
John_Collier_(sociologue)
John_Collins
John_Collins_(basket-ball)
John_Collins_(cocktail)
John_Collins_(football)
John_Collins_(footballeur)
John_Collins_(mathematicien)
John_Collins_(mathématicien)
John_Collins_(musicien_de_jazz)
John_Collins_(triathlon)
John_Collins_Warren
John_Collum
John_Colpoys
John_Colquhoun
John_Colson
John_Colter
John_Coltrane
John_Coltrane:_A_Love_Supreme
John_Coltrane:_Ascension
John_Coltrane:_Ballads
John_Coltrane:_Blue_Train
John_Coltrane:_Crescent
John_Coltrane:_Giant_Steps
John_Coltrane:_Interstellar_Space
John_Coltrane:_Live_At_Birdland
John_Coltrane:_My_Favorite_Things
John_Coltrane:_The_Avant-Garde
John_Coltrane:_The_Complete_1961_Village_Vanguard_Recordings
John_Coltrane_and_Johnny_Hartman
John_Colville
John_Colville_(1er_baron_Clydesmuir)
John_Combe
John_Compson
John_Compton
John_Comyn
John_Comyn_(7e_comte_de_Buchan)
John_Comyn_(comte_d'Angus)
John_Comyn_l'Ancien
John_Condon
John_Conduitt
John_Congleton
John_Conlee
John_Connally
John_Connell
John_Connelly
John_Connelly_(football)
John_Connelly_(footballeur)
John_Connelly_(musicien)
John_Conner
John_Connolly
John_Connolly_(homonymie)
John_Connolly_(écrivain)
John_Connor
John_Connor_(Terminator)
John_Connor_(écrivain)
John_Conolly
John_Conrad_Otto
John_Conroy
John_Conroy_(1er_baronnet)
John_Constable
John_Constantine
John_Conteh
John_Conway
John_Conyers
John_Conyers_(mort_en_1490)
John_Cook
John_Cooke
John_Cooke_(aviron)
John_Cooke_(officier)
John_Cooke_(pirate)
John_Cooke_Bourne
John_Cookman
John_Coolidge_Adams
John_Cooney
John_Cooper
John_Cooper_(athlète)
John_Cooper_(athlétisme)
John_Cooper_(automobile)
John_Cooper_(chanteur)
John_Cooper_(joueur_de_tennis)
John_Cooper_(tennis)
John_Cooper_Clarke
John_Cooper_Forster
John_Cooper_Works
John_Cootes
John_Cope
John_Cope_(6e_baronnet)
John_Cope_(baron_Cope_de_Berkeley)
John_Cope_(général)
John_Copeland
John_Copenhaver
John_Coperario
John_Coplans
John_Copley
John_Copolella
John_Copollela
John_Coppolella
John_Coppollela
John_Coprario
John_Coquillon
John_Corabi
John_Corben
John_Corbet
John_Corbett
John_Corbett_(homonymie)
John_Corbett_(rugby)
John_Corbett_(rugby_à_XV)
John_Corcoran
John_Cordier
John_Cordts
John_Corigliano
John_Cornell
John_Cornely
John_Cornforth
John_Cornwall
John_Cornwell
John_Cornwell_(écrivain)
John_Cornyn
John_Correia-Afonso
John_Corrin
John_Corry
John_Corson
John_Corvino
John_Costanza
John_Costello
John_Costello_(baseball)
John_Costigan
John_Cottingham
John_Cotton
John_Cotton_(pasteur)
John_Cotton_Dana
John_Couch
John_Couch_Adams
John_Cougar_Mellencamp
John_Coughlin
John_Courtenay_(15e_comte_de_Devon)
John_Courtney_Murray
John_Cousen
John_Coutts_(marchand)
John_Covert
John_Cowdery_Kendrew
John_Cowell
John_Cowper_Powys
John_Cox
John_Cox_(basket-ball)
John_Cox_(ingénieur_du_son)
John_Cox_(peintre)
John_Cox_Dillman_Engleheart
John_Coxon
John_Coyle
John_Coyne
John_Crabbie
John_Cradock_(1er_baron_Howden)
John_Craig
John_Craig_(écrivain)
John_Craik-Henderson
John_Crammond
John_Cranch
John_Cranko
John_Craton
John_Craufurd
John_Craven
John_Craven_(1er_baron_Craven_de_Ryton)
John_Craven_(acteur)
John_Craven_(photographe)
John_Crawford
John_Crawford_(acteur)
John_Crawford_(ingénieur)
John_Crawford_III
John_Crawford_Vaughn
John_Crawfurd
John_Craxton
John_Crealock
John_Creasey
John_Creek
John_Cregan
John_Creighton
John_Creighton_(1er_comte_Erne)
John_Creswell
John_Creswey
John_Crew
John_Crewe
John_Crewe_(1er_baron_Crewe)
John_Crewe_(2e_baron_Crewe)
John_Crichton
John_Crichton-Stuart
John_Crichton-Stuart_(2e_marquis_de_Bute)
John_Crichton-Stuart_(3e_marquis_de_Bute)
John_Crichton-Stuart_(4e_marquis_de_Bute)
John_Crichton-Stuart_(5e_marquis_de_Bute)
John_Crichton-Stuart_(6e_marquis_de_Bute)
John_Crichton_(3e_comte_Erne)
John_Crichton_(4e_comte_Erne)
John_Crichton_(5e_comte_Erne)
John_Crichton_(5e_comte_d'Erne)
John_Crittenden_Duval
John_Croak
John_Crocker
John_Crocker_Bulteel
John_Croghan
John_Croisier
John_Croke
John_Croker
John_Crombez
John_Crome
John_Cromwell
John_Cronin
John_Croom
John_Crosbie
John_Crosbie_(2e_comte_de_Glandore)
John_Crosby
John_Crosby_Brown
John_Crosdill
John_Crowder
John_Crowe
John_Crowe_Ransom
John_Crowell
John_Crowley
John_Crowley_(homonymie)
John_Crowley_(réalisateur)
John_Crowne
John_Croydon
John_Crum
John_Cryan
John_Cryer
John_Cuffe_(2e_comte_de_Desart)
John_Cuffe_(3e_comte_de_Desart)
John_Culberson
John_Culhane
John_Cullen
John_Cullen_Murphy
John_Cullerton
John_Cullum
John_Culver
John_Cumming
John_Cummings
John_Cummins
John_Cuneo
John_Cunliffe
John_Cunningham
John_Cunningham_(acteur)
John_Cunningham_(aviateur)
John_Cunningham_(militaire)
John_Cunningham_Lilly
John_Curran
John_Curran_(réalisateur)
John_Currin
John_Curry
John_Curry_(hockey_sur_glace)
John_Curtin
John_Curtis
John_Curtis_(entomologiste)
John_Curtis_(football)
John_Curtis_(footballeur_né_en_1978)
John_Curtis_(homme_politique)
John_Curtis_Caldwell
John_Curtiss
John_Curwen
John_Curzon_(3e_baronnet)
John_Cusack
John_Cusack_(acteur)
John_Cust
John_Cust_(1er_comte_Brownlow)
John_Cutler
John_Cutts
John_Cygan
John_Czernoch
John_D'Abrichecourt
John_D'Agata
John_D'Agostino
John_D'Aquino
John_D'Arcy
John_D'Leo
John_D'Or_Prairie
John_D'Oyly
John_D.H._Greenwood
John_D._Barrow
John_D._Beck
John_D._Beck_et_Ron_Hart
John_D._Bernal
John_D._Brancato
John_D._Caputo
John_D._Dunning
John_D._Ehrlichman
John_D._Eshelby
John_D._Graham
John_D._H._Greenwood
John_D._Hancock
John_D._Henley
John_D._Lamond
John_D._Liu
John_D._Long
John_D._Lynch
John_D._MacDonald
John_D._McCarthy
John_D._O'Brien
John_D._Odegard_School_of_Aerospace_Sciences
John_D._Olivas
John_D._Rateliff
John_D._Rockefeller
John_D._Rockefeller,_Jr._Memorial_Parkway
John_D._Rockefeller_3
John_D._Rockefeller_Jr.
John_D._Sargan
John_D._Sloat
John_D._Voelker
John_D._Wallace
John_Dabiri
John_Dacyshyn
John_Dagleish
John_Dahl
John_Dahlback
John_Dahlbäck
John_Dahse
John_Dakyn
John_Dal_Piaz
John_Dale
John_Dale_Ryan
John_Daley
John_Dall
John_Dallas
John_Dalli
John_Dalling
John_Dalrymple
John_Dalrymple,_2e_comte_de_Stair
John_Dalrymple_(13e_comte_de_Stair)
John_Dalrymple_(14e_comte_de_Stair)
John_Dalrymple_(1er_comte_de_Stair)
John_Dalrymple_(2e_comte_de_Stair)
John_Dalton
John_Dalton_(musicien)
John_Dalton_(évêque)
John_Daly
John_Daly_(athlète)
John_Daly_(athlétisme)
John_Daly_(golf)
John_Daly_(golfer)
John_Daly_(golfeur)
John_Daly_(personnalité_politique)
John_Daly_(producteur)
John_Daly_(rugby)
John_Daly_(skeleton)
John_Dalziel
John_Danforth
John_Dangar_Dixon
John_Daniel
John_Daniel_Hertz
John_Daniel_Imboden
John_Daniell
John_Daniell_(rugby_à_XV)
John_Danielsen
John_Danks
John_Dankworth
John_Danyel
John_Darby
John_Darragh
John_Darrow
John_Dashwood-King_(3e_baronnet)
John_Dashwood-King_(4e_baronnet)
John_Dastin
John_Daumery
John_Daunt
John_Davenport
John_David_Ashcroft
John_David_Booty
John_David_Brillhart
John_David_Crawford
John_David_Gynn_Logan
John_David_Jackson
John_David_Molson
John_David_Pawson
John_David_Washington
John_Davidson
John_Davidson_(acteur)
John_Davidson_(présentateur)
John_Davidson_Beazley
John_Davidson_Godman
John_Davie_(1er_baronnet)
John_Davies
John_Davies_(athlete)
John_Davies_(athlète)
John_Davies_(athlétisme)
John_Davies_(critique)
John_Davies_(historien)
John_Davies_(homme_d'affaires)
John_Davies_(nageur)
John_Davies_(natation)
John_Davies_(photographe)
John_Davies_(réalisateur)
John_Davies_(sculpteur)
John_Davies_Evans
John_Davis
John_Davis_(1787-1854)
John_Davis_(Gouverneur_du_Massachusetts)
John_Davis_(explorateur_anglais)
John_Davis_(gouverneur_du_Massachusetts)
John_Davis_(haltérophilie)
John_Davis_(mort_en_1605)
John_Davis_(navigateur_americain)
John_Davis_(navigateur_américain)
John_Davis_(producteur)
John_Davis_Chandler
John_Davis_House
John_Davis_Lodge
John_Davis_Long
John_Davison_Rockefeller
John_Davison_Rockefeller_III
John_Davison_Rockefeller_Junior
John_Davy
John_Davys_Beresford
John_Dawes
John_Dawlish
John_Dawnay_(1er_vicomte_Downe)
John_Dawnay_(4e_vicomte_Downe)
John_Dawnay_(5e_vicomte_Downe)
John_Dawnay_(député)
John_Dawson_(2e_comte_de_Portarlington)
John_Dawson_Winter_III
John_Day
John_Day_(Oregon)
John_Day_(dramaturge)
John_Day_(imprimeur)
John_Day_(rivière)
John_Day_(trappeur)
John_Day_Dam
John_Day_Fossil_Beds_National_Monument
John_Day_River
John_DeCamp
John_DeCuir
John_DeFrancis
John_DeLorean
John_DeLuca
John_DeSantis
John_DeServio
John_DeWitt
John_DeWitt_(athlétisme)
John_De_Cuir
John_De_Gray
John_De_Lancie
John_De_Lorean
John_De_Mo
John_De_Mol
John_De_Santis
John_Deacon
John_Deakin
John_Dean
John_Dean_Provincial_Park
John_Deans
John_Dearden
John_Dearman
John_Debney
John_Decatur_Barry
John_Dee
John_Dee_(Metal_Gear)
John_Deely
John_Deere
John_Deere:_American_Farmer
John_Deere_(entreprise)
John_Deere_(industriel)
John_Deere_Classic
John_Degenkolb
John_Dehner
John_Deighton
John_Delaney
John_Delaval_(1er_baron_Delaval)
John_Delorean
John_Demjanjuk
John_Dempsey
John_Dempsey_(football,_1946)
John_Dempsey_(football,_né_en_1946)
John_Deng
John_Denham
John_Denham_(homme_politique)
John_Denham_(poete)
John_Denham_(poète)
John_Denis_Sargan
John_Denison_Champlin_Jr.
John_Dennis
John_Dennis_(dramaturge)
John_Dennis_Corriveau
John_Dennis_Johnston
John_Dennis_Profumo
John_Densmore
John_Dentz
John_Denver
John_Derbyshire
John_Derek
John_Dermot_Campbell
John_Desmond_Bernal
John_Desmond_Clark
John_Devereux
John_Devine
John_Devine_(homonymie)
John_Devitt
John_Dew
John_Dewar_&_Sons
John_Dewey
John_Dexter
John_Deydras
John_DiMaggio
John_DiPace
John_Di_Maggio
John_Diamond
John_Dickens
John_Dickerson
John_Dickerson_(journaliste)
John_Dickinson
John_Dickson-Poynder
John_Dickson_Batten
John_Dickson_Carr
John_Diebold
John_Diefenbaker
John_Diehl
John_Dierkes
John_Dies_at_the_End
John_Difool
John_Difool_avant_l'Incal
John_Digby
John_Digby_(1er_comte_de_Bristol)
John_Digby_(3e_comte_de_Bristol)
John_Diggle_(Arrowverse)
John_Digweed
John_Dill
John_Dillermand
John_Dillinger
John_Dillon
John_Dillon_(sailor)
John_Dillon_(voile)
John_Dimmer
John_Dingell
John_Dingell_Sr.
John_Dirks
John_Disley
John_Ditlev-Simonsen
John_Dixon
John_Dixon_(graveur)
John_Dixon_Gibbs
John_Dobie
John_Dobrynine
John_Dobson
John_Dockery
John_Dodson
John_Doe
John_Doe!
John_Doe_!
John_Doe_(Musicien_américain)
John_Doe_(Panama_Papers)
John_Doe_(Se7en)
John_Doe_(groupe)
John_Doe_(groupe_jazz-funk)
John_Doe_(homonymie)
John_Doe_(musicien_américain)
John_Doe_(serie_televisee)
John_Doe_(série_télévisée)
John_Doe_(éditeur)
John_Doe_(épisode_de_Prison_Break)
John_Doeg
John_Doerr
John_Doggett
John_Doherty
John_Dolben
John_Dolittle
John_Dollard
John_Dollond
John_Dolmayan
John_Doman
John_Dominic_Crossan
John_Dominis
John_Donahoe
John_Donald_Hamill_Stewart
John_Donelson
John_Donne
John_Donnell_Smith
John_Donnelly
John_Donnelly_Fage
John_Doogs
John_Doreward
John_Dorewood
John_Dorge
John_Dorian
John_Dortmunder
John_Dos_Passos
John_Doty_&_Sons
John_Doubleday
John_Doucette
John_Dough_and_the_Cherub
John_Douglas
John_Douglas,_9th_Marquess_of_Queensberry
John_Douglas-Scott-Montagu_(2e_baron_Montagu_de_Beaulieu)
John_Douglas_(7e_marquis_de_Queensberry)
John_Douglas_(9e_marquis_de_Queensberry)
John_Douglas_(architecte)
John_Douglas_(cinéaste)
John_Douglas_(gouverneur)
John_Douglas_(homme_politique_australien)
John_Douglas_(lithotomiste)
John_Douglas_(marquis_de_Queensberry)
John_Douglas_(réalisateur)
John_Douglas_(seigneur_de_Balvenie)
John_Douglas_(théologien)
John_Douglas_(écrivain)
John_Douglas_(évêque)
John_Douglas_Cockcroft
John_Douglas_Hazen
John_Douglas_Lynch
John_Douglas_Scott
John_Douglas_Sutherland_Campbell
John_Douglas_Sutherland_Campbell,_marquis_de_Lorne
John_Douglas_Sutherland_Campbell,_neuvième_duc_d'Argyll
John_Dougs
John_Doulton
John_Doveton
John_Dovi
John_Dow_Fisher_Gilchrist
John_Dowland
John_Dowling_Coates
John_Downes
John_Downing
John_Downing_(photographe)
John_Doyle
John_Doyle_(football)
John_Doyle_(musicien)
John_Doyle_(percussionniste)
John_Doyle_(soccer)
John_Drainie
John_Drake
John_Drake_(1er_baronnet)
John_Drake_Sloat
John_Dramani_Mahama
John_Dransfield
John_Draper
John_Drew
John_Drew_Barrymore
John_Dreyer
John_Drimmer
John_Drinkwater
John_Drokensford
John_Droxford
John_Druce
John_Drummond
John_Drummond_(1723-1774)
John_Drummond_(1er_comte_de_Melfort)
John_Drury-Lowe
John_Dryden
John_Du_Prez
John_Dube
John_Dubouchet
John_Ducey
John_Dudley
John_Dudley_(1er_duc_de_Northumberland)
John_Duff
John_Dugard
John_Dugdale
John_Dugdale_(homme_politique_travailliste)
John_Duigan
John_Duke_Coleridge
John_Dulles
John_Dumas_de_Champvallier
John_Dumbleton
John_Dumelo
John_Dunbar
John_Dunbar_(comte_de_Moray)
John_Duncan
John_Duncan_(homme_politique_canadien)
John_Duncan_(peintre)
John_Duncan_Bligh
John_Duncan_Fergusson
John_Duncan_MacLean
John_Duncan_Sr.
John_Duncombe
John_Dundas_(1808-1866)
John_Dundas_Cochrane
John_Dunlop
John_Dunmore_Lang
John_Dunn
John_Dunn-Hill
John_Dunn_Gardner
John_Dunning
John_Dunning_(juriste)
John_Dunning_(snooker)
John_Dunning_(écrivain)
John_Duns_Scot
John_Duns_Scotus
John_Dunstable
John_Dunstaple
John_Dunsworth
John_Dunton
John_Dunwoody
John_Dupraz
John_Durbin
John_Durgan
John_Dury
John_Dusbaba
John_Duthie
John_Duttine
John_Dutton
John_Dutton_(2e_baron_Sherborne)
John_Dwyer
John_Dye
John_Dyer
John_Dykstra
John_Dynham_(1er_baron_Dynham)
John_E.Moore
John_E._Blaha
John_E._Cook
John_E._Dahlquist
John_E._Douglas
John_E._Hopcroft
John_E._Howard
John_E._Irving
John_E._Mack
John_E._Moore
John_E._Pepper,_Jr.
John_E._Peurifoy
John_E._Repetski
John_E._Rogers
John_E._Sarno
John_E._Smelcer
John_E._Sulston
John_E._Sununu
John_E._Walker
John_E._Winchester
John_E._Wool
John_Eager_Howard
John_Eakins
John_Eales
John_Eames
John_Earle
John_Easter
John_Eastman
John_Easton_Mills
John_Eaton
John_Eaton_(compositeur)
John_Eaton_(homme_politique)
John_Eaton_(politicien)
John_Eatton_LeConte
John_Eatton_Le_Conte
John_Eatton_Leconte
John_Eatwell
John_Ebong_Ngole
John_Ebsen
John_Eccles
John_Eccles_(2e_vicomte_Eccles)
John_Eccles_(compositeur)
John_Eckert
John_Eden_(4e_baronnet)
John_Edensor_Littlewood
John_Edgar_Hoover
John_Edgar_Wideman
John_Edmonstone
John_Edmund_Strandberg
John_Edward
John_Edward_Aldred
John_Edward_Bouligny
John_Edward_Brockelbank
John_Edward_Brownlee
John_Edward_Gray
John_Edward_Mack
John_Edward_Marr
John_Edward_Martin
John_Edward_Norwood_Veron
John_Edward_Pigot
John_Edward_Porter
John_Edward_Smith
John_Edward_Swindler
John_Edward_Williams
John_Edwards
John_Edwards_(homme_politique)
John_Edwards_(homme_politique_britannique)
John_Edwards_(homonymie)
John_Edwards_(musicien)
John_Edwards_(pilote)
John_Edwards_(pilote_automobile)
John_Edwards_Hill
John_Edwards_Holbrook
John_Edwin_Cook
John_Edwin_Sandys
John_Edzerza
John_Egan
John_Egan_(football)
John_Egerton_(1er_comte_de_Bridgewater)
John_Egerton_(2e_comte_de_Bridgewater)
John_Egerton_(3e_comte_de_Bridgewater)
John_Egerton_(4e_comte_d'Ellesmere)
John_Egerton_(6e_duc_de_Sutherland)
John_Egerton_(7e_comte_de_Bridgewater)
John_Egerton_(vicomte_Alford)
John_Egerton_(évêque)
John_Ehrlichman
John_Ehrlichmann
John_Ehsa
John_Eichel
John_Eisele
John_Eisemann
John_Eisenmann
John_Eke
John_Ekels
John_Elcaman
John_Elder
John_Elder_Robison
John_Eldon_Gorst
John_Eldredge
John_Eleuthère_du_Pont
John_Eliot
John_Eliot_(1er_comte_de_St_Germans)
John_Eliot_(Médecin)
John_Eliot_(missionnaire)
John_Eliot_(médecin)
John_Eliot_Gardiner
John_Eliot_Howard
John_Eliot_Thayer
John_Elkann
John_Elliot
John_Elliot_(officier_de_la_Royal_Navy)
John_Elliot_(scientifique)
John_Elliot_Drinkwater_Bethune
John_Elliotson
John_Elliott
John_Elliott_(1773-1827)
John_Elliott_(Georgia)
John_Elliott_(acteur)
John_Elliott_(boxe_anglaise)
John_Elliott_(boxeur)
John_Elliott_(football_américain)
John_Elliotte
John_Ellis
John_Ellis_(bourreau)
John_Ellis_(homme_politique)
John_Ellis_(musicien)
John_Ellis_(naturaliste)
John_Ellis_(physicien)
John_Ellis_Bowlt
John_Ellis_Bush
John_Ellis_Martineau
John_Ellis_Wool
John_Elmgren
John_Elmsley
John_Elphick
John_Elphinstone
John_Elsen
John_Elsworthy
John_Elton
John_Elvin_Shaffner
John_Elvis_Harlin_II
John_Elvis_Smelcer
John_Elway
John_Elway's_Quarterback
John_Elway_Stadium
John_Elwes
John_Elwes_(homme_politique)
John_Elwood_Bundy
John_Ely
John_Emerich_Edward_Dalberg,_Lord_Acton
John_Emerich_Edward_Dalberg-Acton
John_Emerich_Edward_Dalberg_Acton
John_Emerson
John_Emery
John_Emery_(acteur)
John_Emery_(bobsleigh)
John_Emil_Peurifoy
John_Emmerich_Dalberg
John_Emms
John_Emory
John_Emsley
John_Endecott
John_Enders
John_Endicott
John_Engler
John_English
John_English_(realisateur)
John_English_(réalisateur)
John_Enos_III
John_Ensign
John_Entenza
John_Entwhistle
John_Entwistle
John_Enys
John_Erhard_Areschoug
John_Eric_Sidney_Thompson
John_Eric_Thompson
John_Erick_Dowdle
John_Ericson
John_Ericsson
John_Ericsson_National_Memorial
John_Erik_Jonsson
John_Erik_Kaada
John_Eriksen
John_Eriksson
John_Erman
John_Ermine_of_Yellowstone
John_Ernest_Grabe
John_Ernest_Randall
John_Ernest_Walker
John_Ernle
John_Ernst_Worrell_Keely
John_Erskine
John_Erskine_(1er_comte_de_Mar)
John_Erskine_(6e_comte_de_Mar)
John_Erskine_(hockey_sur_glace)
John_Erskine_de_Dun
John_Erwin
John_Eshun
John_Esmonde
John_Esmonde_(homme_politique)
John_Esposito
John_Essex
John_Essien
John_Eugene_Hasty
John_Eugene_Law
John_Eugène_Smith
John_Eustace
John_Evan
John_Evans
John_Evans-Freke_(6e_baron_Carbery)
John_Evans_(5e_baron_Carbery)
John_Evans_(archéologue)
John_Evans_(effets_spéciaux)
John_Evans_(explorateur)
John_Evans_(football)
John_Evans_(footballeur)
John_Evans_(gouverneur)
John_Evans_(homme_politique_britannique)
John_Evans_(nom_de_plume)
John_Evans_(supercentenaire)
John_Evelyn
John_Evelyn_(1er_baronnet)
John_Evelyn_(2e_baronnet)
John_Evelyn_Denison
John_Evelyn_le_Jeune
John_Everett_Millais
John_Everson
John_Exley
John_Exshaw
John_Exter
John_F._Babcock
John_F._Bolt
John_F._Brock
John_F._Burns
John_F._Carroll
John_F._Clauser
John_F._Drinkwater
John_F._Dulles
John_F._Enders
John_F._Farnsworth
John_F._Fitzgerald
John_F._Fulton
John_F._Goodrich
John_F._Hasey
John_F._Hennessey
John_F._Hylan
John_F._Jameson
John_F._Kelly
John_F._Kennedy
John_F._Kennedy,_Jr.
John_F._Kennedy:_Years_of_Lightning,_Day_of_Drums
John_F._Kennedy_Center_for_the_Performing_Arts
John_F._Kennedy_International_Airport
John_F._Kennedy_Library
John_F._Kennedy_Presidential_Library_and_Museum
John_F._Kennedy_School_of_Government
John_F._Kennedy_Stadium
John_F._Kerry
John_F._Lehman
John_F._MacArthur
John_F._Marszalek
John_F._Matthews
John_F._Mc_Arthur
John_F._Murray
John_F._Nash
John_F._Peto
John_F._Reed
John_F._Reynolds
John_F._Seitz
John_F._Seymour
John_F._Sherwood
John_F._Street
John_F._Tefft
John_F._Utley
John_F._Warren
John_F._Wippel
John_F_Wippel
John_Faa
John_Faber_(1660-1721)
John_Faber_(1684-1756)
John_Faber_Jr.
John_Faber_Sr.
John_Fagan
John_Fagg_(1er_baronnet)
John_Fahey
John_Fahey_(homme_politique)
John_Fahey_(politicien)
John_Fairbairn
John_Fairbank
John_Fairfax_Holdings_Limited
John_Falb
John_Falconer
John_Falloon
John_Falstaff
John_Falvey
John_Fane_(10e_comte_de_Westmorland)
John_Fane_(11e_comte_de_Westmorland)
John_Fane_(1751-1824)
John_Fane_(1775-1850)
John_Fane_(7e_comte_de_Westmorland)
John_Fane_(9e_comte_de_Westmorland)
John_Fante
John_Farey
John_Farey_(1766-1826)
John_Farleigh
John_Farley
John_Farley_(historien)
John_Farmer
John_Farnham
John_Farquhar_Fulton
John_Farr
John_Farrar
John_Farrar_(homonymie)
John_Farrell
John_Farrell_(baseball,_1962)
John_Farrell_(lanceur)
John_Farrell_(patinage_de_vitesse)
John_Farrell_(patineur)
John_Farrell_(évêque)
John_Farris
John_Farrow
John_Fashanu
John_Faso
John_Fastolf
John_Faulkner
John_Fauvel
John_Fawcett
John_Fearn
John_Feaver
John_Feckenham
John_Fedele
John_Fedorowicz
John_Feeley
John_Feenan
John_Fekner
John_Feldmann
John_Fell
John_Fellows_Akers
John_Feltham_Archibald
John_Felton
John_Felton_(1595-1628)
John_Felton_(assassin)
John_Felton_(martyr)
John_Felton_(militaire)
John_Fenn
John_Fenn_(pirate)
John_Fenwick_(3e_baronnet)
John_Ferguson
John_Ferguson_(homme_politique)
John_Ferguson_(homonymie)
John_Ferguson_(écrivain)
John_Ferguson_Godfrey
John_Ferguson_McLennan
John_Ferneley
John_Fernhout
John_Ferno
John_Fernström
John_Ferris
John_Ferris_(cricket)
John_Ferris_(homme_politique)
John_Ferris_(nageur)
John_Ferris_(natation)
John_Fetterman
John_Fiedler
John_Field
John_Fielder
John_Fielding
John_Filan
John_Filippi
John_Filkins_Vandercook
John_Finch
John_Finch,_1er_baron_Finch
John_Finch_(1er_baron_Finch)
John_Finch_(6e_comte_de_Winchilsea)
John_Findley_Wallace
John_Finlayson
John_Finlayson_(graveur)
John_Finn
John_Finnegan
John_Finnis
John_Finucane
John_Fisher
John_Fisher,_1er_Baron_Fisher
John_Fiske
John_Fitch
John_Fitch_(inventeur)
John_Fitch_(pilote)
John_Fitz-Patrick
John_FitzAlan
John_FitzAlan_(14e_comte_d'Arundel)
John_FitzAlan_(7e_comte_d'Arundel)
John_FitzGerald_(18e_comte_de_Kildare)
John_FitzGerald_(1er_comte_de_Kildare)
John_FitzGerald_(4e_comte_de_Desmond)
John_FitzGerald_(6e_comte_de_Kildare)
John_FitzGerald_(homonymie)
John_FitzGibbon_(1er_comte_de_Clare)
John_FitzGibbon_(2e_comte_de_Clare)
John_FitzMaurice_(vicomte_Kirkwall)
John_FitzPatrick
John_FitzPatrick_(1er_baron_Castletown)
John_FitzPatrick_(1er_comte_d'Upper_Ossory)
John_FitzPatrick_(2e_comte_d'Upper_Ossory)
John_FitzPatrick_(2e_comte_de_Upper_Ossory)
John_FitzRoy_(9e_duc_de_Grafton)
John_Fitzalan
John_Fitzgerald
John_Fitzgerald_(homonymie)
John_Fitzgerald_Kennedy
John_Fitzgerald_Kennedy,_Jr
John_Fitzgerald_Kennedy,_Jr.
John_Fitzgerald_Kennedy_(1960-1999)
John_Fitzgerald_Kennedy_Airport
John_Fitzgerald_Kennedy_Jr.
John_Fitzgerald_Kennedy_National_Historic_Site
John_Fitzpatrick
John_Fitzpatrick_Racing
John_Fitzwilliam_(2e_comte_Fitzwilliam)
John_Fitzwilliam_(officier)
John_Flack
John_Flagg
John_Flairsou
John_Flamsteed
John_Flanagan
John_Flanagan_(athlète)
John_Flanagan_(athlétisme)
John_Flanagan_(footballeur)
John_Flanagan_(graveur-médailleur)
John_Flanagan_(écrivain)
John_Flanders
John_Flansburgh
John_Flavel
John_Flavelle
John_Flaxman
John_Fleck
John_Fleck_(acteur)
John_Fleck_(actor)
John_Fleming
John_Fleming_(art_historian)
John_Fleming_(historien_de_l'art)
John_Fleming_(rugby)
John_Fleming_(rugby_à_XV)
John_Fleming_(zoologiste)
John_Flemming
John_Fletcher
John_Fletcher_(auteur)
John_Fletcher_Hurst
John_Fletcher_Moulton
John_Flett
John_Flett_(rugby_à_XV)
John_Floherty
John_Florea
John_Florio
John_Flournoy
John_Flower
John_Flowers
John_Flowers_(basket-ball)
John_Floyer
John_Flynn
John_Flynn_(aviateur)
John_Flynn_(réalisateur)
John_Fogarty
John_Fogarty_(joueur_de_rugby_australien)
John_Fogarty_(joueur_de_rugby_irlandais)
John_Fogarty_(prêtre)
John_Fogarty_(rugby_à_XV)
John_Fogarty_(rugby_à_XV,_1927)
John_Fogarty_(rugby_à_XV,_1977)
John_Fogerty
John_Fogerty_(album)
John_Folda
John_Foldsone
John_Foley
John_Fonseca
John_Foot,_Baron_Foot
John_Foot_(baron_Foot)
John_Forbes
John_Forbes-Robertson
John_Forbes_(amiral)
John_Forbes_(general)
John_Forbes_(général)
John_Forbes_Kerry
John_Forbes_Nash
John_Forbes_Nash_Jr.
John_Forbes_Royle
John_Ford
John_Ford_(basket-ball)
John_Ford_(basket_ball)
John_Ford_(cinema)
John_Ford_(cinéma)
John_Ford_(ecrivain)
John_Ford_(homonymie)
John_Ford_(sport)
John_Ford_(écrivain)
John_Ford_Stock_Company
John_Fordham
John_Foreman
John_Forester
John_Forrest
John_Forrest_(Australie)
John_Forrest_(homme_politique)
John_Forrest_(joueur_de_rugby)
John_Forrest_(politicien_australien)
John_Forrest_(rugby_à_XV)
John_Forrest_Dillon
John_Forrester
John_Forster
John_Forster_(juge)
John_Forster_(soldat)
John_Forsyth
John_Forsythe
John_Forte
John_Fortenberry
John_Fortescue
John_Fortescue_(juge)
John_Fortescue_of_Salden
John_Forté
John_Foster
John_Foster_(1er_baron_Oriel)
John_Foster_Dulles
John_Foster_McCreight
John_Fothergill
John_Fothergill_(medecin)
John_Fothergill_(médecin)
John_Foulds
John_Fowler
John_Fowler_(ingénieur)
John_Fowles
John_Fox
John_Fox-Strangways
John_Fox_(basket-ball)
John_Fox_(football_américain)
John_Fox_(militaire)
John_Fox_Burgoyne
John_Foxe
John_Foxx
John_Francis
John_Francis_"Bunny"_Ahearne
John_Francis_Ahearne
John_Francis_Bentley
John_Francis_Bongiovi
John_Francis_Campbell
John_Francis_D'Alton
John_Francis_Daley
John_Francis_Dearden
John_Francis_Dillon
John_Francis_Dodge
John_Francis_Fitzgerald
John_Francis_Hamtramck
John_Francis_Hylan
John_Francis_Kennedy
John_Francis_Murphy
John_Francis_O'Hara
John_Francis_Queeny
John_Francis_Reuel_Tolkien
John_Francis_Rigaud
John_Francis_Sartorius
John_Francis_Skjellerup
John_Francis_Wade
John_Francis_Young
John_Franco
John_Frandsen
John_Frank_Adams
John_Frank_Stevens
John_Frankenheimer
John_Franklin
John_Franklin-Adams
John_Franklin_(acteur)
John_Franklin_Alexander_Strong
John_Franklin_Anderson
John_Franklin_Bardin
John_Franklin_Candy
John_Franklin_Enders
John_Franklin_Jameson
John_Franklin_Miller_(maire_de_Seattle)
John_Franklin_Miller_(maire_de_Seattle))
John_Franklin_Miller_(sénateur)
John_Franklyn_Mars
John_Fraser
John_Fraser_(acteur)
John_Fraser_(journaliste)
John_Fraser_(tennis)
John_Fraser_McLeish
John_Frawley
John_Frazer
John_Fred
John_Freddy_Garcia
John_Freddy_Garcia_Feria
John_Freddy_García
John_Frederic_Daniell
John_Frederic_Herbin
John_Frederick_Boyce_Combe
John_Frederick_Byrne
John_Frederick_Charles_Fuller
John_Frederick_Coots
John_Frederick_Dewey
John_Frederick_Hartranft
John_Frederick_Kensett
John_Frederick_Lampe
John_Frederick_Lewis
John_Frederick_Miller
John_Frederick_Parker
John_Frederick_Parker_(homme_politique)
John_Frederick_Peel_Rawlinson
John_Frederick_Peto
John_Frederick_William_Herschel
John_Fredy_Parra
John_Freeman
John_Freeman-Mitford,_1er_baron_Redesdale
John_Freeman-Mitford_(1er_baron_Redesdale)
John_Freeman_(1804-1866)
John_Freeman_(animateur)
John_Freeman_(homme_politique)
John_Freeman_(poète)
John_Freeman_(écrivain)
John_Freeman_Milward_Dovaston
John_Freind
John_French
John_French_Sloan
John_Frieda
John_Friedlander
John_Frink
John_Fritsche
John_Fritsche_(hockey_sur_glace,_1966)
John_Fritsche_(hockey_sur_glace,_1991)
John_Fritsche_junior
John_Fritz_Moreau
John_Frizzell
John_Froelich
John_From_Cincinnati
John_Fromen_Anderson
John_Frost
John_Frost_(chartiste)
John_Frothingham
John_Fru_Ndi
John_Frum
John_Frusciante
John_Fryer
John_Fryer_(officier)
John_Frémont
John_Fugelsang
John_Fugui
John_Fuller
John_Fuller_(1er_baronnet)
John_Fuller_(poète)
John_Fulton
John_Fulton_(rugby)
John_Fulton_(rugby_à_XV)
John_Fulton_(torero)
John_Fundi
John_Fuqua
John_Furey
John_Furia
John_Furia,_Jr.
John_Furniss
John_Fusco
John_Fust
John_G._Adolfi
John_G._Adolfi_(cinema)
John_G._Avildsen
John_G._Bennett
John_G._Blystone
John_G._Bryden
John_G._Carlisle
John_G._Cramer
John_G._Diefenbaker
John_G._Downey
John_G._E._Heckewelder
John_G._F._Francis
John_G._Fleagle
John_G._Hemry
John_G._Lenic
John_G._Morris
John_G._Perry
John_G._Roberts
John_G._Roberts,_Jr.
John_G._Roberts_Jr.
John_G._Rowland
John_G._Sargent
John_G._Shedd
John_G._Shedd_aquarium
John_G._Thompson
John_G._Trump
John_G._Warwick
John_G._Williams
John_G._Winant
John_G_Avildsen
John_Gabriel
John_Gabriel_Borkman
John_Gabriel_Stedman
John_Gacey
John_Gacy
John_Gaddum
John_Gaddun
John_Gadret
John_Gagnon
John_Gainsford
John_Galbraith
John_Galbraith_(football)
John_Galbraith_(footballeur)
John_Gall
John_Gallagher
John_Gallagher,_Jr.
John_Gallagher_(hockey_sur_glace)
John_Gallagher_Jr.
John_Gallaudet
John_Galliano
John_Galliquio
John_Gallishaw
John_Galsworthy
John_Galt
John_Galt_(personnage_de_fiction)
John_Galt_(romancier)
John_Ganzoni_(1er_baron_Belstead)
John_Ganzoni_(2e_baron_Belstead)
John_Garamendi
John_Garand
John_Garang
John_Garcia
John_Garcia_(album)
John_Garcia_(chanteur)
John_Garcia_Feria
John_Garcon
John_García_Feria
John_Gardiner
John_Gardiner_(baron_Gardiner_de_Kimble)
John_Gardiner_Sumner_Hobson
John_Gardner
John_Gardner_(Angleterre)
John_Gardner_(compositeur)
John_Gardner_(écrivain)
John_Gardner_(écrivain_américain)
John_Gardner_(écrivain_britannique)
John_Gardner_Wilkinson
John_Garfield
John_Garfield_MacDonald
John_Garko
John_Garrels
John_Garrett
John_Garrick
John_Garrison
John_Garstang
John_Garth
John_Garçon
John_Gast
John_Gast_(peintre)
John_Gatenby_Bolton
John_Gathorne-Hardy_(2e_comte_de_Cranbrook)
John_Gatins
John_Gaub
John_Gauden
John_Gaudreau
John_Gavin
John_Gaw_Meem
John_Gawsworth
John_Gay
John_Gay_(homonymie)
John_Gay_(scénariste)
John_Gayle_(homme_politique)
John_Gearon
John_Geddes
John_Geddes_(cyclisme)
John_Geiger
John_Gelder
John_Gemmel
John_Gendall
John_George
John_George_(acteur)
John_George_(officier_de_la_Royal_Navy)
John_George_Beresford
John_George_Children
John_George_Diefenbaker
John_George_Dodson_(1er_baron_Monk_Bretton)
John_George_Gibson
John_George_Haigh
John_George_Kemeny
John_George_Lambton
John_George_Lambton,_1er_comte_de_Durham
John_George_Lambton,_comte_de_Durham
John_George_Smyth
John_George_Smyth,_1er_baronnet
John_George_Spencer-Churchill
John_George_Stewart
John_George_Trump
John_George_Walker
John_George_Walker_(1821-1893)
John_George_Walters_Clark
John_George_Wood
John_George_Woodroffe
John_Gerald_König
John_Gerard
John_Gerard_(jésuite)
John_Gerard_Keulemans
John_Gerarde
John_Germain_(1er_baronnet)
John_Gerrard_Keulemans
John_Gerretsen
John_Gesek
John_Getz
John_Gianelli
John_Giannandrea
John_Gibbon
John_Gibbons
John_Gibbons_(claveciniste)
John_Gibson
John_Gibson_(sculpteur)
John_Gibson_Lockhart
John_Gidman
John_Gielemans
John_Gielgud
John_Gierach
John_Giffard_(2e_baron_Giffard)
John_Gifford
John_Gignoux
John_Gilbert
John_Gilbert_(1812-1845)
John_Gilbert_(acteur)
John_Gilbert_(archevêque)
John_Gilbert_(baron_Gilbert)
John_Gilbert_(monteur)
John_Gilbert_(peintre)
John_Gilbert_(tennis)
John_Gilbert_Baker
John_Gilbert_Cooper
John_Gilbert_Talbot
John_Gilchrist
John_Giles
John_Giles_Eccardt
John_Gill
John_Gill_(grimpeur)
John_Gill_(théologien)
John_Gill_Shorter
John_Gillespie
John_Gillies_(historien)
John_Gilliland
John_Gilling
John_Gillingham
John_Gilmore
John_Gilmore_(football_américain)
John_Gilmore_(informaticien)
John_Gilmour
John_Gilmour_(1er_baronnet)
John_Gilmour_(2e_baronnet)
John_Gilmour_(botaniste)
John_Gilroy
John_Gilstrap
John_Giner_Muñoz
John_Ginty
John_Giorno
John_Gitlis
John_Gittings
John_Gladstone_(1er_baronnet)
John_Glanville
John_Glascock
John_Glasier
John_Glassco
John_Gledson
John_Glen
John_Glen_(homme_politique)
John_Glen_(réalisateur)
John_Glenister
John_Glenn
John_Glenn_(homonymie)
John_Glover
John_Glover_(acteur)
John_Glover_(peintre_australien)
John_Glyn-Jones
John_Glynn
John_Glynne
John_Goba
John_Gobbi
John_Godey
John_Godfrey
John_Godfrey_Parry-Thomas
John_Godfrey_Saxe
John_Godina
John_Godson
John_Gofman
John_Goldar
John_Goldingham
John_Goldthorpe
John_Gollings
John_Gomery
John_Gonzales
John_Goodall
John_Goodenough
John_Goodman
John_Goodricke
John_Goodricke_(5e_baronnet)
John_Goodwin
John_Goodwin_(théologien)
John_Goodwin_Lyman
John_Goodwyn_Barmby
John_Goodyer
John_Goossens
John_Goossens_(football)
John_Goossens_(footballeur)
John_Gordon
John_Gordon_(14e_comte_de_Sutherland)
John_Gordon_(16e_comte_de_Sutherland)
John_Gordon_(3e_comte_d'Aboyne)
John_Gordon_(arbitre)
John_Gordon_(homme_politique)
John_Gordon_MacWilliam
John_Gordon_Melton
John_Gordon_Sprigg
John_Gordy
John_Gorman
John_Gorman_(réalisateur)
John_Gormley
John_Gormley_(homme_politique_canadien)
John_Gormley_(homme_politique_irlandais)
John_Gorrie
John_Gorrie_(medecin)
John_Gorrie_(médecin)
John_Gorrie_(realisateur)
John_Gorrie_(réalisateur)
John_Gorton
John_Goschen_(3e_vicomte_Goschen)
John_Gosden
John_Gosling
John_Gossage
John_Gostling
John_Gotti
John_Gotti,_Jr.
John_Gottowt
John_Gottselig
John_Gould
John_Gould_Fletcher
John_Gould_Moyer
John_Gould_Stephenson
John_Gould_Veitch
John_Gower
John_Graas
John_Grabow
John_Graf
John_Graham
John_Graham,_1er_vicomte_de_Dundee
John_Graham-Cumming
John_Graham_(1er_vicomte_de_Dundee)
John_Graham_(diplomate)
John_Graham_(peintre,_1754-1817)
John_Graham_(peintre,_1886-1961)
John_Graham_(pilote_automobile)
John_Graham_(rugby_à_XV)
John_Graham_Bell
John_Graham_Chambers
John_Graham_Haggart
John_Graham_Mellor
John_Grahame
John_Grand-Carteret
John_Grandy
John_Grant
John_Grant_(auteur)
John_Grant_(comploteur)
John_Grant_(musicien)
John_Grant_(scénariste)
John_Grant_(écrivain)
John_Grant_Mitchell
John_Grant_Robertson
John_Granville
John_Granville,_1er_comte_de_Bath
John_Granville_(1er_baron_Granville)
John_Granville_(1er_comte_de_Bath)
John_Granville_(diplomate)
John_Graunt
John_Graves
John_Graves_Simcoe
John_Gray
John_Gray_(athlète)
John_Gray_(athlétisme)
John_Gray_(auteur)
John_Gray_(homme_politique_irlandais)
John_Gray_(réalisateur)
John_Gray_Foster
John_Greaves
John_Greaves_(astronome)
John_Greaves_(musicien)
John_Green
John_Green_(auteur)
John_Green_(speaker)
John_Green_(écrivain)
John_Greenhalgh
John_Greenleaf_Whittier
John_Greenwell
John_Greenwood
John_Greenwood_(artiste)
John_Greenwood_(homonymie)
John_Greenwood_(puritain)
John_Gregorek
John_Gregory
John_Gregory_(athlète)
John_Gregory_(moraliste)
John_Gregory_Bourke
John_Gregory_Crace
John_Gregory_Dunne
John_Gregory_Hawkes
John_Gregson
John_Greig
John_Grenville
John_Gresham_Machen
John_Gretton
John_Gretton,_1er_baron_Gretton
John_Gretton_(1er_baron_Gretton)
John_Greville_Agard_Pocock
John_Grew
John_Grey
John_Grey_(1er_baron_Grey_de_Rotherfield)
John_Grey_(mort_en_1439)
John_Grey_(mort_en_1461)
John_Grey_(scénariste)
John_Grey_de_Groby
John_Grey_de_Ruthyn
John_Greyson
John_Gribbin
John_Grieb
John_Grierson
John_Griffier
John_Griffin_(4e_baron_Howard_de_Walden)
John_Griffith_Chaney
John_Griffith_Wray
John_Grigg
John_Grigg_(astronome)
John_Grigg_(journaliste)
John_Griggs_Thompson
John_Grimaldi
John_Grimek
John_Grinder
John_Grisham
John_Grobham_Howe
John_Grogan
John_Grogan_(homme_politique)
John_Grogan_(écrivain)
John_Gross_Barnard
John_Grubb_Parke
John_Gruber
John_Grubham_Howe
John_Grunsfeld
John_Grusd
John_Grümph
John_Guare
John_Guedel
John_Guerin
John_Guidetti
John_Guildesborough
John_Guillermin
John_Guise
John_Gulager
John_Gulland
John_Gully
John_Gummer
John_Gunnison
John_Gurdon
John_Guy
John_Guy_(gouverneur)
John_Guy_Dollman
John_Gwilliam
John_Gwyn_Jeffreys
John_H._Amos
John_H._Argyris
John_H._Auer
John_H._C._McGreevy
John_H._Casper
John_H._Church
John_H._Clifford
John_H._Collins
John_H._Conway
John_H._Cox
John_H._Edwards
John_H._Gibbon_Jr.
John_H._Glenn
John_H._Goldthorpe
John_H._Gray
John_H._Gregory
John_H._Hall
John_H._Hammond
John_H._Hubbard
John_H._Johnson
John_H._Kelly
John_H._Ketcham
John_H._Lee
John_H._Loudon
John_H._MacMillan_Sr.
John_H._Manley
John_H._Mickey
John_H._Morehead
John_H._N._Collier
John_H._Newmark
John_H._Northrop
John_H._Ostrom
John_H._Reed
John_H._Russell,_Jr.
John_H._Schwarz
John_H._Stevens
John_H._Stracey
John_H._Sununu
John_H._Taylor
John_H._Tilden
John_H._Van_Vleck
John_H._Weakland
John_H._White
John_H._van_Vleck
John_Habgood
John_Hacket
John_Hadji_Argyris
John_Hadley
John_Hadley_Nicanor_Hemingway
John_Hafen
John_Hagee
John_Hagel_III
John_Hagelin
John_Hagenbeck
John_Haglelgam
John_Haigh
John_Haines
John_Halas
John_Haldane
John_Haldon
John_Hale
John_Hale_(ministre_du_culte)
John_Hales
John_Hales_Calcraft
John_Hall
John_Hall-Edwards
John_Hall_(homme_politique_néo-zélandais)
John_Hall_(homonymie)
John_Hall_Gladstone
John_Hall_Kelly
John_Hallam
John_Hallam_(acteur)
John_Hallett
John_Halliday
John_Halls
John_Halsey
John_Halsted
John_Hamal_Hubbard
John_Hamburg
John_Hamer
John_Hamill
John_Hamilton
John_Hamilton-Gordon
John_Hamilton-Leslie
John_Hamilton-Leslie_(9e_comte_de_Rothes)
John_Hamilton_(1er_baron_Hamilton_de_Dalzell)
John_Hamilton_(1er_marquis_d'Abercorn)
John_Hamilton_(1er_marquis_de_Hamilton)
John_Hamilton_(1er_vicomte_Sumner)
John_Hamilton_(acteur)
John_Hamilton_(agent_secret)
John_Hamilton_(officier)
John_Hamilton_Dalrymple
John_Hamilton_Gray
John_Hamilton_Gray_(homme_politique,_1811-1887)
John_Hamilton_Gray_(homme_politique,_1814-1889)
John_Hamilton_Gray_(homme_politique_néo-brunswickois)
John_Hamilton_Gray_(homme_politique_prince-édouardien)
John_Hamilton_Mortimer
John_Hamilton_Reynolds
John_Hamilton_Roberts
John_Hamm
John_Hammond
John_Hammond_(basket-ball)
John_Hammond_(bluesman)
John_Hammond_(producteur)
John_Hammond_Jr.
John_Hamon
John_Hampden
John_Hampden_(1653-1696)
John_Hanboys
John_Hanbury
John_Hanbury_(homonymie)
John_Hanbury_III
John_Hancock
John_Hancock_(acteur)
John_Hancock_(ornithologiste)
John_Hancock_Center
John_Hancock_Financial
John_Hancock_Insurance
John_Hancock_Tower
John_Hand
John_Handy
John_Hane
John_Hanke
John_Hanna
John_Hannah
John_Hannah_(acteur)
John_Hannah_(football_americain)
John_Hannah_(football_américain)
John_Hanning_Speke
John_Hannon
John_Hansen
John_Hanson
John_Hanson_(1721-1783)
John_Hanson_(réalisateur)
John_Harbaugh
John_Harbison
John_Hardie
John_Harding
John_Hardwig
John_Hardy
John_Hardy_(généticien)
John_Hare
John_Hare_(1er_vicomte_Blakenham)
John_Hargis
John_Harington
John_Harkes
John_Harley
John_Harley_(évêque)
John_Harlin
John_Harlin_II
John_Harmon
John_Harnad
John_Harold_Lozano
John_Harold_Ostrom
John_Harrington
John_Harrington_(chevalier)
John_Harris
John_Harris_(homme_politique)
John_Harris_Jr
John_Harrison
John_Harrison_(auteur)
John_Harrison_(horloger)
John_Harrison_(realisateur)
John_Harrison_(réalisateur)
John_Harron
John_Harry_Dunning
John_Harry_Goldthorpe
John_Harry_Grainger
John_Harsanyi
John_Hart
John_Hart_(acteur)
John_Hart_(baseball)
John_Hart_(entraîneur_rugby_à_XV)
John_Hart_(homme_politique)
John_Hart_(rugby_à_XV,_1946)
John_Hart_(signataire)
John_Hart_(écrivain)
John_Hartford
John_Hartigan
John_Hartley
John_Hartshorne
John_Hartson
John_Harun
John_Harun_Mwau
John_Harvard
John_Harvard_(homme_politique)
John_Harvard_(homonymie)
John_Harvard_(politicien)
John_Harvard_(politique)
John_Harvey
John_Harvey_(amiral)
John_Harvey_(capitaine)
John_Harvey_(homme_politique)
John_Harvey_(homonymie)
John_Harvey_Kellog
John_Harvey_Kellogg
John_Hasbrouck_van_Vleck
John_Haskell_King
John_Haslem
John_Hassall
John_Hassall_(illustrateur)
John_Hasted
John_Hastie
John_Hastings
John_Hastings_(1er_baron_Hastings)
John_Hastings_(homme_politique)
John_Hatch_(basket-ball,_1947)
John_Hatch_(basket-ball,_1962)
John_Hatfield
John_Hathaway
John_Hathorn
John_Hathorne
John_Hatteras
John_Hattig
John_Hatzistergos
John_Haugland
John_Havlicek
John_Hawes
John_Hawkes
John_Hawkes_(acteur)
John_Hawkes_(joueur_de_tennis)
John_Hawkes_(tennis)
John_Hawkes_(tennisman)
John_Hawkes_(écrivain)
John_Hawkesworth
John_Hawkins
John_Hawkins_(auteur)
John_Hawkins_(compositeur)
John_Hawkins_(géologue)
John_Hawkins_(navigateur)
John_Hawkins_(écrivain)
John_Hawkwood
John_Hawley_Edwards
John_Hay
John_Hay_(1827-1916)
John_Hay_(1919-1998)
John_Hay_(1er_marquis_de_Tweeddale)
John_Hay_(2e_marquis_de_Tweeddale)
John_Hay_(4e_marquis_de_Tweeddale)
John_Hay_(homme_politique_américain)
John_Hay_(homme_politique_canadien)
John_Hay_Forbes_(Lord_Medwyn)
John_Hay_Whitney
John_Hayden
John_Hayes
John_Hayes_(athlète)
John_Hayes_(athlétisme)
John_Hayes_(homme_politique)
John_Hayes_(realisateur)
John_Hayes_(rugby_a_XV)
John_Hayes_(rugby_à_XV)
John_Hayes_(réalisateur)
John_Hayls
John_Haymes_Newton
John_Hays_Hammond
John_Hayter
John_Haywood
John_Haywood_(homonymie)
John_Healey
John_Healey_(homme_politique)
John_Heard
John_Heard_(basket-ball)
John_Hearn
John_Hearnshaw
John_Heartfield
John_Heathcoat
John_Heathcote_(2e_baronnet)
John_Heaton
John_Heckewelder
John_Heenan
John_Hegley
John_Heidenreich
John_Heijning
John_Heilbron
John_Hein
John_Heinz
John_Heitinga
John_Hejduk
John_Held_Jr.
John_Helena
John_Helliwell
John_Helt
John_Hely-Hutchinson
John_Hely-Hutchinson_(1724-1794)
John_Hely-Hutchinson_(1757–1832)
John_Hely-Hutchinson_(3e_comte_de_Donoughmore)
John_Hely-Hutchinson_(5e_comte_de_Donoughmore)
John_Hembel
John_Hembree
John_Heminges
John_Hemming
John_Hench
John_Hencken
John_Henderson
John_Henderson_(collectionneur)
John_Hendley_Barnhart
John_Hendrie
John_Hendy
John_Hennessey
John_Hennessy
John_Hennigan
John_Henniker-Major_(2e_baron_Henniker)
John_Henniker-Major_(4e_baron_Henniker)
John_Henniker-Major_(5e_baron_Henniker)
John_Henniker-Major_(8e_baron_Henniker)
John_Henniker_(1er_baron_Henniker)
John_Henninger_Reagan
John_Henri_Lake
John_Henri_Newman
John_Henricks
John_Henrik_Clarke
John_Henry
John_Henry_"Bonzo"_Bonham
John_Henry_(album)
John_Henry_(cheval)
John_Henry_(folklore)
John_Henry_(historien)
John_Henry_(sociologue)
John_Henry_Anstice
John_Henry_Cardinal_Newman
John_Henry_Comstock
John_Henry_Constantine_Whitehead
John_Henry_Dallmeyer
John_Henry_Davies
John_Henry_Faulk
John_Henry_Frederick_Bacon
John_Henry_Godfrey
John_Henry_Gurney
John_Henry_Holland
John_Henry_Irons
John_Henry_Kagi
John_Henry_Ketcham
John_Henry_Lake
John_Henry_Leech
John_Henry_Lefroy
John_Henry_Lewis
John_Henry_Mackay
John_Henry_Martindale
John_Henry_Maunder
John_Henry_Muirhead
John_Henry_Newman
John_Henry_Patterson
John_Henry_Pepper
John_Henry_Pope
John_Henry_Poynting
John_Henry_Pratt
John_Henry_Robinson
John_Henry_Schaffner
John_Henry_Schwarz
John_Henry_Sharpe
John_Henry_Stelle
John_Henry_Sturdy
John_Henry_Sununu
John_Henry_Taylor
John_Henry_Thomas_Manners-Sutton
John_Henry_Thorpe
John_Henry_Towers
John_Henry_Twachtman
John_Henry_Vivian
John_Henry_Walker
John_Henry_Whitley
John_Henry_Wigmore
John_Henry_Winder
John_Henshaw
John_Hensleigh_Allen
John_Hensley
John_Henslow
John_Henson
John_Henson_(acteur)
John_Henson_(basket-ball)
John_Herbert_(8e_comte_de_Powis)
John_Herbert_Hollomon
John_Herbert_King
John_Herbert_Turner
John_Herdman
John_Herety
John_Heritage
John_Herity
John_Herivel
John_Herndon_Mercer
John_Herrington
John_Herschel
John_Hersey
John_Hervey_(1er_comte_de_Bristol)
John_Hervey_(2e_baron_Hervey)
John_Hervey_(7e_marquis_de_Bristol)
John_Hervey_(Lord_Hervey)
John_Herzfeld
John_Hester
John_Heward
John_Hewgill_Brockelbank
John_Hewie
John_Hewitt
John_Hewson
John_Heydon
John_Heysham_Gibbon
John_Heywood
John_Heywood_(homonymie)
John_Heywood_(industriel)
John_Hiatt
John_Hick
John_Hickenlooper
John_Hicks
John_Hicks_(baseball)
John_Hicks_(football_américain)
John_Hicks_(homonymie)
John_Hickton
John_Higgins
John_Higgins_(dessinateur)
John_Higgins_(snooker)
John_Higginson
John_Hiley_Addington
John_Hill
John_Hill_(concepteur_de_jeux)
John_Hill_(football)
John_Hill_(homonymie)
John_Hill_(officier_de_la_Royal_Navy)
John_Hill_Burton
John_Hill_Hewitt
John_Hillcoat
John_Hiller
John_Hillerman
John_Hilliard
John_Hills
John_Hilton
John_Hilton_(l'ancien)
John_Hilton_l'ancien
John_Hinch
John_Hinckley
John_Hinckley,_Jr.
John_Hinckley_Jr.
John_Hind_Farmer
John_Hindmarsh
John_Hine
John_Hipwell
John_Hirasaki
John_Hirsch
John_Hoar
John_Hobart
John_Hobart_(1er_comte_de_Buckinghamshire)
John_Hobart_(2e_baronnet)
John_Hobart_(2e_comte_de_Buckinghamshire)
John_Hobart_(3e_baronnet)
John_Hoben
John_Hobson
John_Hodge
John_Hodge_(homme_politique)
John_Hodge_(ingénieur)
John_Hodge_(scénariste)
John_Hodgman
John_Hodiak
John_Hoesli
John_Hoeven
John_Hogan
John_Hogan_(sculpteur)
John_Hogg
John_Holbrook_Vance
John_Holcroft
John_Holdren
John_Holdzkom
John_Holker
John_Holker,_Jr.
John_Holl
John_Holland
John_Holland_(2e_baronnet)
John_Holland_(acteur)
John_Holland_(acteur,_1899-1971)
John_Holland_(athlète)
John_Holland_(athlétisme)
John_Holland_(basket-ball)
John_Hollander
John_Hollenbeck
John_Holles_(1er_comte_de_Clare)
John_Holles_(1er_duc_de_Newcastle)
John_Holles_(2e_comte_de_Clare)
John_Hollins
John_Hollis
John_Holloway
John_Holloway_(musicien)
John_Hollway
John_Holmes
John_Holmes_(compositeur)
John_Holmes_(diplomate)
John_Holmes_(rugby_à_XIII)
John_Holmquist
John_Holms
John_Holmstrom
John_Holota
John_Holt
John_Holt_(homonymie)
John_Holway
John_Homans
John_Home
John_Honywood_(4e_baronnet)
John_Hoole
John_Hooper
John_Hooper_(sculpteur)
John_Hooper_(évêque)
John_Hopcroft
John_Hope
John_Hope_(1er_baron_Glendevon)
John_Hope_(2e_comte_de_Hopetoun)
John_Hope_(4e_comte_de_Hopetoun)
John_Hope_(Lord_Hope)
John_Hope_(botaniste)
John_Hope_Franklin
John_Hopfield
John_Hopkins
John_Hopkins_(acteur)
John_Hopkins_(british_actor)
John_Hopkins_(pilote)
John_Hopkins_(pilote_moto)
John_Hopkins_(écrivain)
John_Hopkins_University
John_Hopkinson
John_Hoppner
John_Horace_Forney
John_Horam
John_Horan
John_Horbury_Hunt
John_Hore
John_Hore_(ingénieur)
John_Hore_(rugby_à_XV)
John_Horgan
John_Horgan_(homme_politique_canadien)
John_Horn_(tennis)
John_Horne
John_Horne_(géologue)
John_Horne_(historien)
John_Horne_Tooke
John_Horner
John_Horse
John_Horsley
John_Horsley_(acteur)
John_Horsley_(archéologue)
John_Horton
John_Horton_Conway
John_Hoskins
John_Hoskins_(peintre)
John_Hoskyns_(2e_baronnet)
John_Hostetter
John_Hotham
John_Hotham_(9e_baronnet)
John_Hotham_(évêque)
John_Hothby
John_Houblon
John_Houbolt
John_Hough
John_Houghton
John_Houlding
John_Houseman
John_Houstoun
John_Howard
John_Howard_(15e_comte_de_Suffolk)
John_Howard_(1er_duc_de_Norfolk)
John_Howard_(acteur_américain)
John_Howard_(acteur_australien)
John_Howard_(athlétisme)
John_Howard_(cyclisme)
John_Howard_(homme_politique)
John_Howard_(major)
John_Howard_(philanthrope)
John_Howard_(politicien)
John_Howard_(sprinter)
John_Howard_Carpenter
John_Howard_Davies
John_Howard_Griffin
John_Howard_Kyan
John_Howard_Lawson
John_Howard_Northrop
John_Howard_Payne
John_Howarth
John_Howarth_(homme_politique)
John_Howatt_Bell
John_Howcroft
John_Howe
John_Howe_(1er_baron_Chedworth)
John_Howe_(2e_baron_Chedworth)
John_Howell
John_Howell_(homme_politique)
John_Howie
John_Howland_Rowe
John_Hoyer_Updike
John_Hoyland
John_Hoyt
John_Hsane_Hgyi
John_Hubbard
John_Hubbard_(1er_baron_Addington)
John_Hubert_Macey_Rodgers
John_Hubley
John_Huchra
John_Huddles
John_Hudson
John_Hudson_(acteur)
John_Hudson_(classiciste)
John_Hudson_(créateur_de_caractères)
John_Huettner
John_Hugenholtz
John_Hugger
John_Huggins
John_Hugh_MacLennan
John_Hugh_Proudfoot
John_Hughes
John_Hughes-Hallett
John_Hughes_(football,_1943)
John_Hughes_(footballeur_écossais)
John_Hughes_(realisateur)
John_Hughes_(réalisateur)
John_Hughes_(sculpteur)
John_Hughes_Bennett
John_Hughlings_Jackson
John_Hulk
John_Hulke
John_Hull
John_Hultberg
John_Humberstone
John_Humbley
John_Hume
John_Hume_(évêque)
John_Humphrey
John_Humphrey_Noyes
John_Hunt
John_Hunt_(baron_Hunt)
John_Hunt_(éditeur)
John_Hunt_Morgan
John_Hunter
John_Hunter_(1737-1821)
John_Hunter_(Nouvelle-Galles_du_Sud)
John_Hunter_(amiral)
John_Hunter_(aviron)
John_Hunter_(chirurgien)
John_Hunter_(football)
John_Hunter_(footballeur)
John_Hurford_Stone
John_Hurt
John_Huske
John_Huston
John_Hutchinson
John_Hutchinson_(1615-1664)
John_Hutchinson_(football)
John_Hutchinson_(guitariste)
John_Hutchinson_(homonymie)
John_Hutchinson_(théologien)
John_Hutchison_(homme_politique)
John_Hutton
John_Hutton_(baron_Hutton_de_Furness)
John_Hutton_(football)
John_Hutton_(footballeur)
John_Hutton_(écrivain)
John_Hutton_Balfour
John_Huxham
John_Hyams
John_Hylan
John_Hyland
John_Hynd
John_Hynde_Cotton
John_Hynes
John_Höxter
John_I'm_Only_Dancing
John_I'm_only_dancing
John_I._Thornycroft_&_Compagnie
John_I._Thornycroft_&_Company
John_III_Comyn
John_II_Comyn
John_II_Stanley_de_Man
John_IV_Comyn
John_I_Comyn
John_I_Stanley_de_Man
John_Ibbitson
John_Ibbotson
John_Idan
John_Ier_Comyn
John_Ier_Stanley_de_Man
John_Iley
John_Illingworth
John_Illsley
John_Imbrie
John_Ince
John_Ingle
John_Ingleby
John_Inglis_&_Co
John_Inglis_and_Company
John_Ingram
John_Ingram_(graveur)
John_Ingvard_Kjargaard
John_Innes_Centre
John_Innes_Horticultural_Institution
John_Innes_Mackintosh_Stewart
John_Insprucker
John_Inverdale
John_Ioannidis
John_Ioannou
John_Ireland
John_Ireland_(acteur)
John_Ireland_(compositeur)
John_Ironside
John_Irvin
John_Irvin_Gregg
John_Irving
John_Irving_(football)
John_Irving_(homme_d'affaires)
John_Irving_(homonymie)
John_Isaac
John_Isaac_Briquet
John_Isaac_Moore
John_Isner
John_Iweyn
John_J._A._Murphy
John_J._Becker
John_J._Blaine
John_J._C._Smart
John_J._Cochran
John_J._Collins
John_J._Crittenden
John_J._Gilligan
John_J._Glessner
John_J._Glessner_House
John_J._Gumperz
John_J._Hopfield
John_J._Jonas
John_J._Kavelaars
John_J._McCloy
John_J._McKeithen
John_J._McLaughlin
John_J._McNamara
John_J._Mearsheimer
John_J._Mescall
John_J._Miller
John_J._Muth
John_J._O'Connor
John_J._Parker
John_J._Pershing
John_J._Raskob
John_J._Sirica
John_J._Sparkman
John_J._Sullivan
John_J._York
