Eremias_lineoocellata_inocellata
Eremias_martini
Eremias_montana
Eremias_montanus
Eremias_multiocellata
Eremias_multiocellata_bannikowi
Eremias_multiocellata_kozlowi
Eremias_multiocellata_multiocellata
Eremias_multiocellata_stummeri
Eremias_multiocellata_szczerbaki
Eremias_multiocellata_tsaganbogdensis
Eremias_multiocellata_var._koslowi
Eremias_multiocellata_var._reticulata
Eremias_multiocellata_var._saturata
Eremias_namaquensis
Eremias_neumanni
Eremias_nigrocellata
Eremias_nigrolateralis
Eremias_nikolskii
Eremias_nitida
Eremias_nitida_garambensis
Eremias_novo
Eremias_olivieri_schmidtii
Eremias_papenfussi
Eremias_pardalis
Eremias_pasteuri
Eremias_persica
Eremias_pleskei
Eremias_przewalskii
Eremias_przewalskii_przewalskii
Eremias_przewalskii_tuvensis
Eremias_pulchella
Eremias_pulchra
Eremias_quadrifrons
Eremias_quadrinasalis
Eremias_regeli
Eremias_revoili
Eremias_rugiceps
Eremias_savagei
Eremias_scripta
Eremias_scripta_lasdini
Eremias_scripta_pherganensis
Eremias_scripta_scripta
Eremias_septemstriata
Eremias_serripes
Eremias_sextaeniata
Eremias_siebenrocki
Eremias_smithii
Eremias_spekii
Eremias_spekii_scorteccii
Eremias_strauchi
Eremias_strauchi_kopetdaghica
Eremias_strauchi_strauchi
Eremias_striatus_gardoensis
Eremias_stummeri
Eremias_suborbitalis
Eremias_suphani
Eremias_susana
Eremias_szczerbaki
Eremias_undata_gaerdesi
Eremias_undata_rubens
Eremias_variabilis
Eremias_velox
Eremias_velox_borkini
Eremias_velox_caucasia
Eremias_velox_roborowskii
Eremias_velox_stummeri
Eremias_velox_suphani
Eremias_velox_var._persica
Eremias_velox_var._roborowskii
Eremias_velox_velox
Eremias_vermiculata
Eremias_watsonana
Eremias_yarkandensis
Eremias_yarkandensis_var._saturata
Eremiasaurus
Eremiascincus
Eremiascincus_antoniorum
Eremiascincus_brongersmai
Eremiascincus_butlerorum
Eremiascincus_douglasi
Eremiascincus_emigrans
Eremiascincus_emigrans_emigrans
Eremiascincus_emigrans_wetariensis
Eremiascincus_fasciolatus
Eremiascincus_intermedius
Eremiascincus_isolepis
Eremiascincus_musivus
Eremiascincus_pallidus
Eremiascincus_pardalis
Eremiascincus_pardalis_erro
Eremiascincus_pardalis_pardalis
Eremiascincus_phantasmus
Eremiascincus_richardsonii
Eremiascincus_timorensis
Eremicaster
Eremiophilus
Eremita
Eremita_(album))
Eremitage
Eremitalpa
Eremitalpa_granti
Eremitis
Eremitu
Eremitu_(Mureş)
Eremitu_(Mureș)
Eremnophila
Eremnophila_aureonotata
Eremo_delle_Carceri
Eremobates
Eremobates_actenidia
Eremobates_affinis
Eremobates_ajoanus
Eremobates_angustus
Eremobates_arizonicus
Eremobates_ascopulatus
Eremobates_audax
Eremobates_axacoa
Eremobates_aztecus
Eremobates_bajadae
Eremobates_bajaensis
Eremobates_bantai
Eremobates_barberi
Eremobates_becki
Eremobates_bixleri
Eremobates_bonito
Eremobates_californicus
Eremobates_carolinianus
Eremobates_chihuaensis
Eremobates_cinerascens
Eremobates_clarus
Eremobates_coahuilanus
Eremobates_consors
Eremobates_constrictus
Eremobates_corpink
Eremobates_cruzi
Eremobates_ctenidiellus
Eremobates_cyranoi
Eremobates_dentilis
Eremobates_dilatatus
Eremobates_dinamita
Eremobates_docolora
Eremobates_dorsalis
Eremobates_durangonus
Eremobates_elongatus
Eremobates_fagei
Eremobates_fisheri
Eremobates_flavus
Eremobates_formicarius
Eremobates_gerbae
Eremobates_girardii
Eremobates_gladiolus
Eremobates_gracilidens
Eremobates_guenini
Eremobates_hessei
Eremobates_hidalgoana
Eremobates_hodai
Eremobates_hystrix
Eremobates_icenoglei
Eremobates_ingens
Eremobates_inkopaensis
Eremobates_inyoanus
Eremobates_jaliscoana
Eremobates_kastoni
Eremobates_kiseri
Eremobates_kraepelini
Eremobates_lapazi
Eremobates_leechi
Eremobates_legalis
Eremobates_lentiginosus
Eremobates_marathoni
Eremobates_marginatus
Eremobates_mimbrenus
Eremobates_minamoritaana
Eremobates_mormonus
Eremobates_nanus
Eremobates_nivis
Eremobates_nodularis
Eremobates_norrisi
Eremobates_otavonae
Eremobates_paleta
Eremobates_pallidus
Eremobates_pallipes
Eremobates_palpisetulosus
Eremobates_papillatus
Eremobates_pimanus
Eremobates_polhemusi
Eremobates_purpusi
Eremobates_putnamii
Eremobates_pyriflora
Eremobates_scaber
Eremobates_scopulatellus
Eremobates_scopulatus
Eremobates_septentrionis
Eremobates_similis
Eremobates_simoni
Eremobates_socal
Eremobates_spissus
Eremobates_sulfureus
Eremobates_suspectus
Eremobates_tejonus
Eremobates_texanus
Eremobates_titschacki
Eremobates_toltecus
Eremobates_tuberculatus
Eremobates_vallis
Eremobates_vicinus
Eremobates_villosus
Eremobates_williamsi
Eremobates_woodruffi
Eremobates_zacatecana
Eremobates_zapal
Eremobates_zinni
Eremobatidae
Eremobatinae
Eremobiotus
Eremobiotus_ginevrae
Eremobius_phoenicurus
Eremocarpus_setigerus
Eremocaulon
Eremocaulon_asymmetricum
Eremochelis
Eremochelis_acrilobatus
Eremochelis_albaventralis
Eremochelis_andreasana
Eremochelis_arcus
Eremochelis_bechteli
Eremochelis_bidepressus
Eremochelis_bilobatus
Eremochelis_branchi
Eremochelis_cochiseae
Eremochelis_coloradensis
Eremochelis_cuyamacanus
Eremochelis_flavus
Eremochelis_flexacus
Eremochelis_fuscellus
Eremochelis_gertschi
Eremochelis_giboi
Eremochelis_imperialis
Eremochelis_insignatus
Eremochelis_iviei
Eremochelis_kastoni
Eremochelis_kerni
Eremochelis_lagunensis
Eremochelis_larreae
Eremochelis_macswaini
Eremochelis_malkini
Eremochelis_medialis
Eremochelis_morrisi
Eremochelis_noonani
Eremochelis_nudus
Eremochelis_oregonensis
Eremochelis_plicatus
Eremochelis_rossi
Eremochelis_rothi
Eremochelis_saltoni
Eremochelis_sonorae
Eremochelis_striodorsalis
Eremochelis_tanneri
Eremochelis_truncus
Eremochelis_undulus
Eremochernes
Eremochernes_gracilipes
Eremochernes_secundus
Eremochernes_tropicus
Eremocitrus
Eremocitrus_Glauca
Eremocitrus_glauca
Eremocosta
Eremocosta_acuitlapanensis
Eremocosta_arenarum
Eremocosta_bajaensis
Eremocosta_calexicensis
Eremocosta_formidabilis
Eremocosta_fusca
Eremocosta_gigas
Eremocosta_gigasella
Eremocosta_montezuma
Eremocosta_nigrimana
Eremocosta_robusta
Eremocosta_spinipalpis
Eremocosta_striata
Eremocosta_titania
Eremocrinum
Eremocrinum_albomarginatum
Eremodipus
Eremodipus_Lichtensteini
Eremodipus_lichtensteini
Eremodo_Tuni
Eremogarypus
Eremogarypus_eximius
Eremogarypus_gigas
Eremogarypus_perfectus
Eremogarypus_trichoideus
Eremognatha
Eremognatha_guenini
Eremogone
Eremogone_bryophylla
Eremogryllinae
Eremohyles
Eremolepidaceae
Eremomastax
Eremomastax_speciosa
Eremomela
Eremoneura
Eremonia
Eremoperna
Eremoperna_hystrix
Eremoperna_ingens
Eremoperna_mormona
Eremophila
Eremophila_(Oiseau)
Eremophila_(oiseau)
Eremophila_(plante)
Eremophila_alpestris
Eremophila_bilopha
Eremophila_latrobei
Eremophila_longifolia
Eremophila_mitchellii
Eremophila_nivea
Eremophila_oppositifolia
Eremophila_reticulata
Eremopsaltria_mongolica
Eremopsaltria_mongolicus
Eremopterix
Eremopterix_grisea
Eremopterix_griseus
Eremopterix_hova
Eremopterix_nigriceps
Eremopterix_signatus
Eremopus_acuitlapanensis
Eremopus_dorsalis
Eremopus_fagei
Eremopus_hessei
Eremopus_mexicanus
Eremopus_montezuma
Eremopus_purpusi
Eremopyga
Eremopyrum
Eremorhax
Eremorhax_arenus
Eremorhax_bajaensis
Eremorhax_calexicensis
Eremorhax_gigasellus
Eremorhax_joshui
Eremorhax_latus
Eremorhax_magnellus
Eremorhax_magnus
Eremorhax_mumai
Eremorhax_pimanus
Eremorhax_puebloensis
Eremorhax_pulcher
Eremorhax_titania
Eremorhax_tuttlei
Eremoryzomys
Eremoryzomys_polius
Eremoseta
Eremoseta_titschacki
Eremosparton
Eremospatha
Eremospatha_barendii
Eremospina
Eremostata
Eremostata_arizonica
Eremostata_dinamita
Eremosynaceae
Eremothera
Eremothera_(animal)
Eremothera_barberi
Eremothera_drachmani
Eremothera_sculpturata
Eremotherium
Eremotherium_laurillardi
Eremurus
Eremurus_himalaicus
Eremurus_kaufmannii
Eremurus_lactiflorus
Eremurus_olgae
Eremurus_robustus
Eremurus_thiodanthus
Eremurus_turkestanicus
Eren_Albayrak
Eren_Derdiyok
Eren_Eben
Eren_Erdem
Eren_Groupe
Eren_Güngör
Eren_Hot
Eren_Jager
Eren_Jäger
Eren_Keskin
Erena_Ono
Erencan_Yardımcı
Erendira
Erendira_(genre)
Erendira_pallidoguttata
Erendis
Erener
Erenhot
Erenis
Erenis_box
Erenjia_Jia
Erenköy
Ereno
Erensuge
Erentei
Erentxun
Erepsia
Erepta_setiliris
Ereptiole
Erer
Erer_(woreda)
Ererouk
Ererê
Eres
EresMas
Eres_(Shakira_Chanson)
Eres_(chanson)
Eres_du_Japon
Eres_mi_tesoro
Eres_tú
Eresfjord
Ereshkigal
Ereshkigal_(Donjons_et_Dragons)
Ereshkigal_Corona
Eresia
Eresia_clio
Eresia_drypetis
Eresia_erysice
Eresia_eunice
Eresia_eunice_eunice
Eresia_eunice_olivencia
Eresia_nauplius
Eresia_nauplius_extensa
Eresia_nauplius_nauplius
Eresia_nauplius_plagiata
Eresia_olivencia
Eresia_perna
Eresia_plagiata
Eresidae
Eresing
Eresiomera_phaeochiton
Eresma
Eresoinka
Eresos
Eressa
Eressa_microchilus
Erestor
Eresus
Eresus_Cinnaberinus
Eresus_acanthophilus
Eresus_adaleari
Eresus_adspersus
Eresus_africanus
Eresus_albolunulatus
Eresus_albopictus
Eresus_algericus
Eresus_annulatus
Eresus_annulipes
Eresus_arenarius
Eresus_audouin
Eresus_bicolor
Eresus_bifasciatus
Eresus_bubo
Eresus_cinnaberinus
Eresus_crassitibialis
Eresus_ctenizoides
Eresus_daliensis
Eresus_depressus
Eresus_dufourii
Eresus_eburneus
Eresus_echinatus
Eresus_fulvus
Eresus_fumosus
Eresus_fuscifrons
Eresus_granosus
Eresus_guerinii
Eresus_hermani
Eresus_hildebrandti
Eresus_imperialis
Eresus_inornatus
Eresus_jerbae
Eresus_kollari
Eresus_kollari_frontalis
Eresus_kollari_ignicomus
Eresus_kollari_latefasciatus
Eresus_kollari_tricolor
Eresus_lautus
Eresus_lavrosiae
Eresus_lineatus
Eresus_lishizheni
Eresus_lituratus
Eresus_lucasi
Eresus_luridus
Eresus_moerens
Eresus_molitor
Eresus_moravicus
Eresus_namaquensis
Eresus_niger
Eresus_niger_bifasciatus
Eresus_pharaonis
Eresus_pruinosus
Eresus_puniceus
Eresus_purcelli
Eresus_robustus
Eresus_rotundiceps
Eresus_ruficapillus
Eresus_sandaliatus
Eresus_sedilloti
Eresus_semicanus
Eresus_semicinctus
Eresus_siculus
Eresus_solitarius
Eresus_spenceri
Eresus_theis
Eresus_tibialis
Eresus_tricolor
Eresus_tristis
Eresus_unifasciatus
Eresus_walckenaeri
Eresus_walckenaeri_moerens
Eresós
Erethistidae
Erethistidés
Erethizon
Erethizon_Dorsatum
Erethizon_dorsata
Erethizon_dorsatum
Erethizon_dorsatus
Erethizontidae
Erethizontinae
Eretmapodites
Eretmocerinae
Eretmocerus
Eretmochelys
Eretmochelys_imbricata
Eretmochelys_imbricata_bissa
Eretmochelys_imbricata_imbricata
Eretmochelys_imbricata_squamata
Eretmochelys_squamata
Eretmodini
Eretmodus
Eretmodus_Cyanostictus
Eretmodus_cyanostictus
Eretnides
Eretoka
Eretria
Eretrie
Erets_Israël
Eretsha
Eretum
Eretz_Israel
Eretz_Israël
Eretz_Yisrael
Eretz_Yisrael_Shelanu
Eretzvaju
Ereuleva
Ereuniidae
Ereutophobie
Erev_Rav
Erev_Yom_Kippour
Erev_rav
Erev_yom_kippour
Erevan
Erevan_(météorite)
Erevan_(périodique)
Erevan_United_FC
Erevan_United_Football_Club
Erevine
Erewash
Erewash_(circonscription_britannique)
Erewhon
Erewhon_(homonymie)
Erewhon_(musique)
Erewhon_(roman)
Erexim
Erez_Edelstein
Erez_Katz
Erez_Markovich
Erez_Tal
Erezee
Erezée
Ereïmentaou
Ereño
Ereñoko_Udala_Sari_Nagusia
Ereñotza
Ereñotzu
Ereƒ?
Ereğli
Ereğli_(Konya)
Ereğli_(Tekirdağ)
Ereğli_(Zonguldak)
Ereğli_Belediye
Ereğli_Belediye_(volley-ball_féminin)
Erf
Erfc
Erfcx
Erfde
Erfdsh
Erfelek
Erfi
Erfjorden
Erfolg
Erford
Erforsche_mich,_Gott,_und_erfahre_mein_Herz
Erfoud
Erfreut_euch,_ihr_Herzen
Erfreute_Zeit_im_neuen_Bunde
Erft
Erftstadt
Erfurt
ErfurtWiki
Erfurt_Hbf
Erfurth
Erfweiler
Erg
Erg_(Dune)
Erg_(Unité)
Erg_(dune)
Erg_(désert)
Erg_(unite)
Erg_(unité)
Erg_Admer
Erg_Amatlich
Erg_Chebbi
Erg_Chech
Erg_Chech_002
Erg_Chegaga
Erg_Chigaga
Erg_Er_Raoui
Erg_Ferradj
Erg_Iguidi
Erg_du_Namib
Erga
Erga_omnes
Ergal
Ergalataxinae
Ergane
Ergane_cognata
Ergane_falcata_nigrofusca
Ergane_signata
Ergani
Ergaster
Ergastoplasme
Ergastria
Ergastria_forficula
Ergastule
Ergastules
Ergate_forgeron
Ergates
Ergates_(Chypre)
Ergates_faber
Ergaticus
Ergaticus_ruber
Ergaticus_versicolor
Ergatides
Ergatif
Ergatini
Ergatites
Ergativite
Ergativité
Ergativité_scindée
Ergatoplasme
Erge-ar-Mor
Ergene
Ergene_Nehri
Ergenekon
Ergenekon_(mythologie)
Ergeni
Ergenzingen
Ergeos
Ergersheim
Ergersheim_(Baviere)
Ergersheim_(Bavière)
Ergeshausen
Ergi
Ergica
Ergilio_Hato
Ergilio_Hato_Stadion
Ergilornithidae
Ergin_Ataman
Ergine
Erginiperna
Erginoides
Erginos
Erginos_(homonymie)
Erginulus
Erginus
Erginus_(genre)
Erginus_(mollusque)
Ergis
Ergis_(entreprise)
Ergisch
Ergish
Ergli
Ergnies
Ergny
Ergo
Ergo_(entreprise)
Ergo_Arena
Ergo_Proxy
Ergo_Proxy,_Centzon_Hitchers_and_Undertaker
Ergo_proxy
Ergobroteos
Ergobrotis
Ergocalciférol
Ergod._Theory_Dyn._Syst.
Ergodic_Theory_Dynam._Systems
Ergodic_Theory_and_Dynamical_Systems
Ergodicité
Ergodique
Ergodépendance
Ergoien
Ergoien_(Gamiz-Fika)
Ergoien_(Maruri-Jatabe)
Ergoiena
Ergol
Ergolding
Ergoldsbach
Ergolea
Ergolea_Reneae
Ergolea_reneae
Ergolier
Ergoline
Ergologie
Ergols
Ergols_liquides
Ergolz
Ergom_Automotive
Ergomanie
Ergometre
Ergometrine
Ergomotricite
Ergomotricité
Ergomètre
Ergométrie
Ergométrine
Ergonome
Ergonomie
Ergonomie_Web
Ergonomie_cognitive
Ergonomie_de_sécurité
Ergonomie_des_interfaces
Ergonomie_du_Web
Ergonomie_informatique
Ergonomie_web
Ergonomique
Ergonomiques
Ergonovine
Ergorégion
Ergosphere
Ergosphère
Ergosterol
Ergostressie
Ergostérol
Ergot
Ergot_(Oiseau)
Ergot_(mammifère)
Ergot_(oiseau)
Ergot_(typographie)
Ergot_Du_Seigle
Ergot_de_Morand
Ergot_de_seigle
Ergot_du_paspale
Ergot_du_seigle
Ergot_du_sorgho
Ergotamine
Ergotelis
Ergotelis_Héraklion
Ergotherapie
Ergothionéine
Ergothérapeute
Ergothérapeutes
Ergothérapie
Ergothérapie_en_basse-vision
Ergotimos
Ergotimos_et_Kleitias
Ergotine
Ergotisme
Ergovaline
Ergoyena
Ergue-Armel
Ergue-Gaberic
Ergue-te
Ergue_Gaberic
Erguel
Ergun
Ergun_Penbe
Erguotou
Ergué-Armel
Ergué-Gaberic
Ergué-Gabéric
Ergué-armel
Ergué-gabéric
Erguël
Ergy_Landau
Ergyng
Ergys_Kaçe
Ergátes_(Chypre)
Ergé
Ergé_Hemm
Ergéos
Ergün_Demir
Ergün_Pembe
Ergün_Penbe
Erhalt_uns,_Herr,_bei_deinem_Wort
Erhan_Abir
Erhan_Güven
Erhan_Mašović
Erhan_Önal
Erhard
Erhard_Altdorfer
Erhard_Berner
Erhard_Brielmaier
Erhard_Buschbeck
Erhard_Egidi
Erhard_Eppler
Erhard_Fappani
Erhard_Friedberg
Erhard_Grosskopf
Erhard_Grzybek
Erhard_Gröger
Erhard_Gustave_de_Wedel
Erhard_Heiden
Erhard_Hofeditz
Erhard_Jakobsen
Erhard_Keller
Erhard_Krack
Erhard_Kroeger
Erhard_Loretan
Erhard_Lorétan
Erhard_Mauersberger
Erhard_Milch
Erhard_Mosert
Erhard_Ratdolt
Erhard_Raus
Erhard_Reuwich
Erhard_Roy_Wiehn
Erhard_Schmidt
Erhard_Schoen
Erhard_Schrempp
Erhard_Schön
Erhard_Stiefel
Erhard_V._Jakobsen
Erhard_Weigel
Erhard_Wetzel
Erhard_Wolfaardt
Erhard_Wunderlich
Erhard_de_Lessines
Erhard_de_Ratisbonne
Erhardt
Erhart_Graefe
Erhart_Schlitzor
Erharting
Erhel
Erholmen
Erhu
Erhua
Erhöhtes_Fleisch_und_Blut
Eri
Eri-Seoi-Nage
Eri-Seoi-Nage_(Kata-Eri-Seoi-Nage)
Eri-TV
Eri_(fils_de_Gad)
Eri_Aikawa
Eri_Fukatsu
Eri_Hiramatsu
Eri_Hozumi
Eri_Ishikawa
Eri_Kamei
Eri_Kawai
Eri_Kisaki
Eri_Kitamura
Eri_Klas
Eri_Mantani
Eri_Nitta
Eri_Sawachika
Eri_Suzuki
Eri_Tanaka
Eri_Tosaka
Eri_T≈?saka
Eri_Yamada
Eri_Yonamine
Eria
Eria_(homonymie)
Eria_(rivière)
Eria_karicouyensis
Eriachneae
Eriador
Eriadu
Eriamel
Erianthus
Erianthus_ravennae
Eriauchenius
Eriauchenius_ambre
Eriauchenius_anabohazo
Eriauchenius_andriamanelo
Eriauchenius_andrianampoinimerina
Eriauchenius_borimontsina
Eriauchenius_bourgini
Eriauchenius_cornutus
Eriauchenius_fisheri
Eriauchenius_goodmani
Eriauchenius_gracilicollis
Eriauchenius_griswoldi
Eriauchenius_halambohitra
Eriauchenius_harveyi
Eriauchenius_jeanneli
Eriauchenius_lavatenda
Eriauchenius_legendrei
Eriauchenius_lukemacaulayi
Eriauchenius_mahariraensis
Eriauchenius_milajaneae
Eriauchenius_milloti
Eriauchenius_namoroka
Eriauchenius_pauliani
Eriauchenius_rafohy
Eriauchenius_ranavalona
Eriauchenius_rangita
Eriauchenius_ratsirarsoni
Eriauchenius_rixi
Eriauchenius_sama
Eriauchenius_spiceri
Eriauchenius_tsingyensis
Eriauchenius_vadoni
Eriauchenius_voronakely
Eriauchenius_workmani
Eriauchenius_wunderlichi
Eriauchenius_zirafy
Eriauchenus
Eriauchenus_andriamanelo
Eriauchenus_andrianampoinimerina
Eriauchenus_bourgini
Eriauchenus_fisheri
Eriauchenus_goodmani
Eriauchenus_harveyi
Eriauchenus_lukemacaulayi
Eriauchenus_mahariraensis
Eriauchenus_milajaneae
Eriauchenus_milloti
Eriauchenus_pauliani
Eriauchenus_rafohy
Eriauchenus_ranavalona
Eriauchenus_rangita
Eriauchenus_ratsirarsoni
Eriauchenus_rixi
Eriauchenus_sama
Eriauchenus_workmani
Eriauchenus_wunderlichi
Eriauchenus_zirafy
Eriaxis
Eriaxis_rigida
Eriba-Adad_II
Eriba-Marduk
Eriba-adad_ii
Eribe
Eriberto_Conceicao_da_Silva
Eriberto_Conceiçao_da_Silva
Eriberto_Conceição_da_Silva
Eriberto_Leão
Eriboea
Eriboea_lampedo
Eriboll
Eribon
Eric
Eric's_Trip
Eric-Campbell
Eric-Emmanuel_Schmit
Eric-Emmanuel_Schmitt
Eric-Maxim_Choupo-Moting
Eric-Paul_Stekel
Eric_&_Ramzy
Eric_(Disque-monde)
Eric_(auteur)
Eric_(homonymie)
Eric_A._Boe
Eric_A._Christenson
Eric_A._Cornell
Eric_A._Havelock
Eric_A._Meyer
Eric_Abecassis
Eric_Abidal
Eric_Adam
Eric_Adams
Eric_Adams_(chanteur)
Eric_Addo
Eric_Adja
Eric_Adjetey_Anang
Eric_Adlercreutz
Eric_Aeschimann
Eric_Ahouandjinou
Eric_Aiken
Eric_Akoto
Eric_Alabarbe
Eric_Alary
Eric_Alauzet
Eric_Albert
Eric_Alegret
Eric_Alejandro
Eric_Alexander
Eric_Alexander_(football_américain)
Eric_Allaman
Eric_Allan_Kramer
Eric_Allatini
Eric_Allibert
Eric_Alliez
Eric_Allin_Cornell
Eric_Allman
Eric_Alston_Christenson
Eric_Alégret
Eric_Amalou
Eric_Ambler
Eric_Amsterdam
Eric_Anceau
Eric_Andersen
Eric_Andersen_(artiste)
Eric_Andre
Eric_Andre_(acteur)
Eric_Andre_(comédien)
Eric_Andre_Show
Eric_Andriantsitohaina
Eric_Andrieu
Eric_André
Eric_André_(acteur)
Eric_Angioletti
Eric_Anselme
Eric_Antoine
Eric_Appiah
Eric_Arlix
Eric_Arndt
Eric_Arthur_Blair
Eric_Artiguste
Eric_Arturo_Delvalle
Eric_Arturo_del_Valle
Eric_Asamoah
Eric_Asamoah-Frimpong
Eric_Ashton
Eric_Assadourian
Eric_Assati
Eric_Assous
Eric_Atlan
Eric_Aubier
Eric_Aubijoux
Eric_Aubourg
Eric_Aumonier
Eric_Aupol
Eric_Averlant
Eric_Avery
Eric_Avila
Eric_Ayuk
Eric_B.
Eric_B._&_Rakim
Eric_B._Henriet
Eric_B._and_Rakim
Eric_B_&_Rakim
Eric_Bachelart
Eric_Backman
Eric_Bailly
Eric_Baker
Eric_Bala
Eric_Balfour
Eric_Bana
Eric_Baratay
Eric_Barbeau
Eric_Barber
Eric_Barbier
Eric_Barclay
Eric_Barone
Eric_Barone_(développeur)
Eric_Barrington
Eric_Barry
Eric_Bass
Eric_Bataille
Eric_Batista_de_Goes
Eric_Batte
Eric_Battista
Eric_Battle
Eric_Battut
Eric_Baudelaire
Eric_Baumann
Eric_Bauthéac
Eric_Bauza
Eric_Bayle
Eric_Beaudoin
Eric_Beauducel
Eric_Beaumard
Eric_Beauvillain
Eric_Bechu
Eric_Bedard
Eric_Bedard_(historien)
Eric_Bedard_(patineur)
Eric_Bedouet
Eric_Beishline
Eric_Belanger
Eric_Bell
Eric_Bell_(désambiguïsation)
Eric_Bell_(homonymie)
Eric_Bellocq
Eric_Bellot_des_Minières
Eric_Bellus
Eric_Benet
Eric_Benhamou
Eric_Benier-Burckel
Eric_Benoit
Eric_Benzekri
Eric_Benzi
Eric_Benét
Eric_Berger
Eric_Bergeron
Eric_Bergoust
Eric_Bernard
Eric_Berne
Eric_Bernotas
Eric_Berntson
Eric_Berry
Eric_Berthou
Eric_Bertinat
Eric_Bertrand_Bailly
Eric_Besnard
Eric_Besnard_(journaliste)
Eric_Besson
Eric_Betzig
Eric_Beugnot
Eric_Beynon
Eric_Bibb
Eric_Bicfalvi
Eric_Bina
Eric_Bischoff
Eric_Björkander
Eric_Black
Eric_Blahic
Eric_Blair
Eric_Blais
Eric_Blake
Eric_Blanc
Eric_Blareau
Eric_Bledsoe
Eric_Blom
Eric_Blonde
Eric_Blondel
Eric_Bloom
Eric_Blore
Eric_Blum
Eric_Boateng
Eric_Bobo
Eric_Bocquet
Eric_Boe
Eric_Boever
Eric_Bogle
Eric_Bogosian
Eric_Boguniecki
Eric_Boily
Eric_Boisset
Eric_Bokanga_Musau
Eric_Bols
Eric_Boman
Eric_Boniface
Eric_Bonneval
Eric_Borel
Eric_Boschman
Eric_Botteghin
Eric_Bouad
Eric_Bougouma
Eric_Boullier
Eric_Boulton
Eric_Bournazel
Eric_Bouvelle
Eric_Bouvier
Eric_Bouwer
Eric_Boyer
Eric_Boëda
Eric_Braamhaar
Eric_Bradbury
Eric_Braeden
Eric_Brandon
Eric_Brandt
Eric_Braunn
Eric_Bress
Eric_Breton
Eric_Brewer
Eric_Brewer_(scientifique)
Eric_Brian
Eric_Brighteyes
Eric_Broadley
Eric_Brogniet
Eric_Brook
Eric_Brosius
Eric_Bross
Eric_Brouta
Eric_Brown
Eric_Brown_(pilote)
Eric_Brulon
Eric_Brunet
Eric_Brunner
Eric_Brunner_(cyclisme)
Eric_Bruno
Eric_Bruntlett
Eric_Bruskotter
Eric_Bruyas
Eric_Buchet
Eric_Buckner
Eric_Bullock
Eric_Burdon
Eric_Burdon_and_War
Eric_Burgaud
Eric_Burgener
Eric_Butorac
Eric_Byrnes
Eric_Caire
Eric_Cairns
Eric_Caldow
Eric_Camerota
Eric_Camilli
Eric_Campbell
Eric_Campbell_(Acteur)
Eric_Campbell_(acteur)
Eric_Campbell_(baseball)
Eric_Campbell_(basket-ball)
Eric_Canal-Forgues
Eric_Cantona
Eric_Cantona_Football_Challenge
Eric_Cantor
Eric_Canuel
Eric_Capitaine
Eric_Caravaca
Eric_Caritoux
Eric_Carlberg
Eric_Carle
Eric_Carlson
Eric_Carmen
Eric_Caro
Eric_Carr
Eric_Carreel
Eric_Carriere
Eric_Carrière
Eric_Carte
Eric_Carter
Eric_Cartman
Eric_Cartman_(personnage)
Eric_Casimir
Eric_Castel
Eric_Castonguay
Eric_Caulier
Eric_Cayla
Eric_Cayrolle
Eric_Cazalot
Eric_Cecil
Eric_Chafe
Eric_Chahi
Eric_Champ
Eric_Chaney
Eric_Charbonneau
Eric_Charden
Eric_Charon
Eric_Charron
Eric_Chase
Eric_Chase_Anderson
Eric_Chatfield
Eric_Chavez
Eric_Chavez_(boxe_anglaise)
Eric_Chazot
Eric_Checco
Eric_Chedotal
Eric_Chelle
Eric_Chenowith
Eric_Chevallier
Eric_Chevillard
Eric_Cheysson
Eric_Chinje
Eric_Chisnall
Eric_Chouinard
Eric_Choupo_Moting
Eric_Christensen
Eric_Christenson
Eric_Christian_Olsen
Eric_Christmas
Eric_Chu
Eric_Church
Eric_Ciotti
Eric_Civanyan
Eric_Clapton
Eric_Clapton's_Powerhouse
Eric_Clapton's_Rainbow_Concert
Eric_Clapton_(album)
Eric_Clayton
Eric_Clerckx
Eric_Cleworth
Eric_Clifton
Eric_Clinton_Newman
Eric_Close
Eric_Clua
Eric_Clémens
Eric_Coates
Eric_Coates_(compositeur)
Eric_Cobham
Eric_Cohn-Bendit
Eric_Collado
Eric_Conan
Eric_Coquerel
Eric_Corbeyran
Eric_Corley
Eric_Cornell
Eric_Correa
Eric_Cray
Eric_Crosnier
Eric_Cross
Eric_Crozier
Eric_Cubilier
Eric_Curran
Eric_Cyr
Eric_D._Demaine
Eric_Dall'Armelina
Eric_Damain
Eric_Dammann
Eric_Dampier
Eric_Dane
Eric_Danty
Eric_Dardel
Eric_Darnell
Eric_Darragon
Eric_Darriere
Eric_Darrière
Eric_Dasalmartini
Eric_Davalle
Eric_Davis
Eric_Davis_(football)
Eric_Davoust
Eric_Dawson
Eric_Day
Eric_Daze
Eric_De_Baets
Eric_De_Bisschop
Eric_De_Clercq
Eric_De_Kuyper
Eric_De_Rosny
Eric_De_Staercke
Eric_De_Vlaeminck
Eric_Deacon
Eric_Debarbieux
Eric_Debard
Eric_Deblicker
Eric_Debègue
Eric_Decker
Eric_Decouty
Eric_Decroix
Eric_Defert
Eric_Deflandre
Eric_Defoort
Eric_Defosse
Eric_Deguil
Eric_Delcroix
Eric_Delko
Eric_Delmare
Eric_Deloumeaux
Eric_Delvaux
Eric_Demaine
Eric_Demarsan
Eric_Demay
Eric_Denécé
Eric_Deroo
Eric_Dervieu
Eric_Derycke
Eric_Descoeudres
Eric_Deshayes
Eric_Desjardins
Eric_Despezelle
Eric_Dewilder
Eric_Di_Meco
Eric_Diard
Eric_Dickerson
Eric_Dier
Eric_Digaire
Eric_Dill
Eric_Dixon
Eric_Djemba-Djemba
Eric_Djemba_Djemba
Eric_Dolige
Eric_Doligé
Eric_Dolphy
Eric_Donald_Hirsch
Eric_Dorion
Eric_Dorman-Smith
Eric_Doucet
Eric_Douglas
Eric_Dover
Eric_Drexler
Eric_Drooker
Eric_Drouet
Eric_Drouglazet
Eric_Drubay
Eric_Drummond
Eric_Dubuc
Eric_Dubus
Eric_Dufour
Eric_Dufournet
Eric_Duhaime
Eric_Dulan
Eric_Dumont
Eric_Duncan_Demaine
Eric_Dupin
Eric_Dupond-Moretti
Eric_Dupont
Eric_Dupont-Moretti
Eric_Durand
Eric_Duret
Eric_Durnez
Eric_Dussert
Eric_Dutton
Eric_Duyckaerts
Eric_E._Mamajek
Eric_Ebron
Eric_Edenwald
Eric_Edgar_Cooke
Eric_Edwards
Eric_Edwige
Eric_Ehrmann
Eric_Eichmann
Eric_Eidel
Eric_Ejiofor
Eric_Eldred
Eric_Elkouby
Eric_Elmosnino
Eric_Elst
Eric_Elwood
Eric_Eminente
Eric_Emmanuel_Schmitt
Eric_Emoglobul
Eric_Emptaz
Eric_Engler
Eric_Engstrom
Eric_Ericson
Eric_Erlandson
Eric_Esch
Eric_Escobar
Eric_Escoffier
Eric_Espagno
Eric_Establie
Eric_Esteve
Eric_Estornel
Eric_Estève
Eric_Eustace_Williams
Eric_Evans
Eric_Everard
Eric_Eydoux
Eric_F._Wieschaus
Eric_Fagúndez
Eric_Fairclough
Eric_Fanning
Eric_Farris
Eric_Farro
Eric_Fassin
Eric_Faury
Eric_Fayolle
Eric_Fehr
Eric_Fellner
Eric_Fenby
Eric_Ferber
Eric_Fernsten
Eric_Ferrand
Eric_Ferrer
Eric_Fichaud
Eric_Filiol
Eric_Fischl
Eric_Fisher
Eric_Flaim
Eric_Fleeks
Eric_Fleming
Eric_Fletcher
Eric_Fletcher_Waters
Eric_Flint
Eric_Floyd
Eric_Foner
Eric_Fonoimoana
Eric_Fonteneau
Eric_Foreman
Eric_Forman
Eric_Fornataro
Eric_Forrest
Eric_Forsberg
Eric_Forth
Eric_Fottorino
Eric_Fouache
Eric_Fraj
Eric_Franceries
Eric_Frank_Russell
Eric_Franke
Eric_Fraser
Eric_Fraticelli
Eric_Frechon
Eric_Freeman_(écrivain)
Eric_Frein
Eric_Freire_Gomes
Eric_Frenzel
Eric_Frey
Eric_Fromm
Eric_Frost_Tabuchi
Eric_Fry
Eric_Fryer
Eric_Fréchon
Eric_Futch
Eric_G._Derouane
Eric_G._Iverson
Eric_Gagne
Eric_Gagné
Eric_Gairy
Eric_Gale
Eric_Gales
Eric_Galliano
Eric_Gancylus
Eric_Garandeau
Eric_Garber
Eric_Garcetti
Eric_Garcin
Eric_García
Eric_Garner
Eric_Garnier
Eric_Gastaldello
Eric_Gates
Eric_Gaudibert
Eric_Gauthier
Eric_Gauthier_(radio)
Eric_Gautier
Eric_Gautier_(photographe)
Eric_Geboers
Eric_Geddes
Eric_Gehrig
Eric_Gendry
Eric_Geoffroy
Eric_Georg_Mjöberg
Eric_Geraldes
Eric_Gerets
Eric_Giacometti
Eric_Giausserand
Eric_Gill
Eric_Gilli
Eric_Gillis
Eric_Girard
Eric_Girard_(basket-ball)
Eric_Girard_(député_de_Groulx)
Eric_Girard_(ministre)
Eric_Giuily
Eric_Giuly
Eric_Glâtre
Eric_Godard
Eric_Godon
Eric_Goldberg
Eric_Goldberg_(animateur)
Eric_Gonzales
Eric_Gonzalès
Eric_Gonzlès
Eric_Gordon
Eric_Goulet
Eric_Grate
Eric_Grauffel
Eric_Gravatt
Eric_Green
Eric_Gregory_Award
Eric_Greitens
Eric_Griffin
Eric_Griffin_(basket-ball)
Eric_Griffin_(boxe_anglaise)
Eric_Grigorian
Eric_Groeleken
Eric_Gryba
Eric_Guerit
Eric_Guichard
Eric_Guilyardi
Eric_Guirado
Eric_Gull
Eric_Gurney
Eric_Gutkind
Eric_Guyot
Eric_Guéret
Eric_Guérit
Eric_Gálvez
Eric_Gérard
Eric_H._Cline
Eric_Habimana
Eric_Hacker
Eric_Haeljcio
Eric_Hakonsson
Eric_Halejcio
Eric_Halfvarson
Eric_Hamber
Eric_Hamp
Eric_Hanni
Eric_Hansen
Eric_Hargan
Eric_Harland
Eric_Harris
Eric_Harris_et_Dylan_Klebold
Eric_Harrison
Eric_Haseltine
Eric_Hassli
Eric_Hattan
Eric_Haubruge
Eric_Havelock
Eric_Hawkins
Eric_Hazan
Eric_Healey
Eric_Hebborn
Eric_Hedlin
Eric_Heffer
Eric_Heiden
Eric_Heidsieck
Eric_Heisserer
Eric_Helary
Eric_Hendershot
Eric_Herenguel
Eric_Herman_Andriantsitohaina
Eric_Herson-Macarel
Eric_Heumann
Eric_Heuvel
Eric_Hicks
Eric_Himelfarb
Eric_Hinrichsen
Eric_Hinske
Eric_Hobsbawm
Eric_Hobsbawn
Eric_Hoeprich
Eric_Hoesli
Eric_Hoffer
Eric_Hoffmann
Eric_Holcomb
Eric_Holder
Eric_Hollies
Eric_Hosking_Award
Eric_Hosmer
Eric_Hossan
Eric_Houde
Eric_House
Eric_Hrolf
Eric_Hughes
Eric_Hughes_(cypherpunk)
Eric_Hull
Eric_Hultén
Eric_Hunter
Eric_Hurley
Eric_Huysecom
Eric_Hänni
Eric_Hélary
Eric_Hély
Eric_Hérenguel
Eric_II
Eric_III_de_Danemark
Eric_II_de_Danemark
Eric_II_de_Norvege
Eric_II_de_Pomeranie
Eric_IV_Anundsson
Eric_IV_de_Danemark
Eric_IX_de_Suede
Eric_Idle
Eric_Ier
Eric_Ier_de_Danemark
Eric_Ier_de_Norvege
Eric_Ier_de_Norvège
Eric_Ier_de_Schaumbourg
Eric_Iljans
Eric_Illsley
Eric_Irastorza
Eric_Isenburger
Eric_Ives
Eric_J._Bina
Eric_J._Christensen
Eric_Jacquinet
Eric_Jadot
Eric_Jalon
Eric_Jalton
Eric_James_Mellon
Eric_Jamili
Eric_Jaulmes
Eric_Jean-Jean
Eric_Jeanjean
Eric_Jehelmann
Eric_Jelen
Eric_Jennings
Eric_Jerome_Dickey
Eric_Jespersen
Eric_Johannesen
Eric_Johansson
Eric_Johansson-Umedalen
Eric_Johansson_(athlétisme)
Eric_John_Hobsbawm
Eric_John_Holmyard
Eric_John_Kaiser
Eric_Johnson
Eric_Johnson_(acteur)
Eric_Johnson_(basket-ball)
Eric_Johnson_(football_américain)
Eric_Johnson_(guitariste_américain)
Eric_Johnson_(scénariste)
Eric_Joisel
Eric_Jokisch
Eric_Joldersma
Eric_Joseph_Assati
Eric_Jouan
Eric_Jourdan
Eric_Judor
Eric_Junior_Dina-Ebimbe
Eric_Jupp
Eric_Kabera
Eric_Kabongo
Eric_Kahane
Eric_Kahe
Eric_Kahl
Eric_Kandel
Eric_Kaplan
Eric_Karros
Eric_Katenda
Eric_Kattelus
Eric_Kaufmann
Eric_Kaz
Eric_Keddo
Eric_Keenleyside
Eric_Kendricks
Eric_Kennington
Eric_Keslassy
Eric_Khoo
Eric_Kierans
Eric_Knight
Eric_Knittel
Eric_Koechlin
Eric_Korita
Eric_Koston
Eric_Kotani
Eric_Krenz
Eric_Kress
Eric_Kripke
Eric_Kristy
Eric_Krol
Eric_Kronberg
Eric_Krueger
Eric_Krüger
Eric_Ksouri
Eric_Kwekeu
Eric_L._Harry
Eric_LaFleur
Eric_Labaye
Eric_Laborey
Eric_Laboureix
Eric_Lacascade
Eric_Lada
Eric_Laforge
Eric_Lagace
Eric_Lalouette
Eric_Lamarque
Eric_Lamaze
Eric_Lambin
Eric_Lampton_Harry
Eric_Lander
Eric_Landry
Eric_Laneuville
Eric_Lange
Eric_Langill
Eric_Laplante
Eric_Lapointe
Eric_Laporte
Eric_Larchevêque
Eric_Larson
Eric_Larsson
Eric_Lartigau
Eric_Laugerias
Eric_Laugérias
Eric_Laurent
Eric_Laurrent
Eric_Lavaine
Eric_Lawson
Eric_Le_Boucher
Eric_Le_Brun
Eric_Le_Chanony
Eric_Le_Collen
Eric_Le_Douaron
Eric_Le_Hung
Eric_Le_Lann
Eric_Le_Leuch
Eric_Le_Nabour
Eric_Le_Roch
Eric_Le_Sage
Eric_Le_Van
Eric_Lebailly
Eric_Leblacher
Eric_Leckner
Eric_Lecompte
Eric_Ledune
Eric_Leeds
Eric_Lefol
Eric_Legnini
Eric_Legrand
Eric_Leguèbe
Eric_Lehmann
Eric_Lejeune
Eric_Leman
Eric_Lemarque
Eric_Lembembe
Eric_Lemming
Eric_Lenneberg
Eric_Leser
Eric_Letourneau
Eric_Levallois
Eric_Levi
Eric_Lhoste
Eric_Lhote
Eric_Liberge
Eric_Libert
Eric_Lichaj
Eric_Liddell
Eric_Linden
Eric_Lindmann
Eric_Lindor_Fall
Eric_Lindros
Eric_Lipmann
Eric_Lively
Eric_Livingston
Eric_Lloyd
Eric_Lobron
Eric_Lochu
Eric_Lock
Eric_Lohrer
Eric_Loizeau
Eric_Lomax
Eric_Lomba
Eric_Lombard
Eric_Long_(3e_vicomte_Long)
Eric_Longsworth
Eric_Lopez
Eric_Lopez_Rios
Eric_Losfeld
Eric_Louis_Bols
Eric_Loussouarn
Eric_Loutte
Eric_Louvel
Eric_Louw
Eric_Lowther
Eric_Lu
Eric_Lubbock
Eric_Lucas
Eric_Lux
Eric_Lux_(pilote)
Eric_Lévi
Eric_López
Eric_López_Ríos
Eric_Löhrer
Eric_M._Meyers
Eric_M._Warburg
Eric_Mabius
Eric_Mace
Eric_Macé
Eric_Maigret
Eric_Malone
Eric_Maltaite
Eric_Mamajek
Eric_Manizabayo
Eric_Marcel_d'Alançon
Eric_Marchand
Eric_Marcotte
Eric_Marester
Eric_Marienthal
Eric_Marks
Eric_Marshall
Eric_Marsiam
Eric_Martel
Eric_Martel_(football)
Eric_Martin
Eric_Martin_(chanteur)
Eric_Marty
Eric_Maskin
Eric_Masserey
Eric_Massin
Eric_Massot
Eric_Mathews
Eric_Mathias_Owona_Nguini
Eric_Mathoho
Eric_Mathot
Eric_Matoukou
Eric_Matthews
Eric_Matthews_(musicien)
Eric_Mauffrey
Eric_Maurel
Eric_Maurin
Eric_Maxim_Choupo-Moting
Eric_Maynor
Eric_Mazel
Eric_Mazur
Eric_McCormack
Eric_McCormack_(homonymie)
Eric_McCormack_(écrivain)
Eric_McFadden
Eric_McKenzie
Eric_Melrose_Brown
Eric_Melville
Eric_Melvin
Eric_Mendelsohn
Eric_Mendelsohn_(réalisateur)
Eric_Merlen
Eric_Merriman
Eric_Metayer
Eric_Metcalf
Eric_Metzger
Eric_Meunie
Eric_Meunié
Eric_Meyer
Eric_Miala_Nkulukuta
Eric_Micoud
Eric_Mie
Eric_Mika
Eric_Milazar
Eric_Miles_Williamson
Eric_Millard
Eric_Millegan
Eric_Miller
Eric_Miller_(football)
Eric_Miller_(musicien)
Eric_Miller_(rugby)
Eric_Miller_(soccer)
Eric_Millikin
Eric_Millot
Eric_Milroy
Eric_Minard
Eric_Missoffe
Eric_Mjöberg
Eric_Mobley
Eric_Molinié
Eric_Molson
Eric_Mongrain
Eric_Montalbetti
Eric_Montross
Eric_Morel
Eric_Moreland
Eric_Morena
Eric_Morillo
Eric_Morin
Eric_Morley
Eric_Morris
Eric_Morvan
Eric_Mouloungui
Eric_Mouquet
Eric_Moussambani
Eric_Mueller
Eric_Mulard
Eric_Mura
Eric_Murdoch
Eric_Murdock
Eric_Murphy
Eric_Murray
Eric_Musselman
Eric_Mächler
Eric_Métayer
Eric_N'Dri
Eric_N'Gapeth
Eric_Naggar
Eric_Nam
Eric_Namesnik
Eric_Nataf
Eric_Nattress
Eric_Naulleau
Eric_Nave
Eric_Navet
Eric_Nazarian
Eric_Neal
Eric_Neilson
Eric_Neilson_(skeleton)
Eric_Nelson_Smith
Eric_Nelson_Sopha
Eric_Nenninger
Eric_Nesterenko
Eric_Neuhoff
Eric_Neveux
Eric_Newman
Eric_Nicol
Eric_Nieudan
Eric_Nikolai_Ritzau
Eric_Njong
Eric_Nkansah
Eric_Nonn
Eric_Norman_Thompson
Eric_Norwood
Eric_Nowak
Eric_Nshimiyimana
Eric_Nussbaumer
Eric_Nylund
Eric_Nystrom
Eric_Névé
Eric_O'Dell
Eric_O'Flaherty
Eric_O'Grady
Eric_Oberdorff
Eric_Ocansey
Eric_Ochard
Eric_Oelschlägel
Eric_Olauson
Eric_Ollivier
Eric_Olsen
Eric_Olsen_(football_américain)
Eric_Olsen_(footballeur)
Eric_Omond
Eric_Orbom
Eric_Orchard
Eric_Orr
Eric_Ortiz
Eric_Osborne
Eric_Ospital
Eric_Oswald_Stroheim
Eric_Overmyer
Eric_P._Hamp
Eric_P._Newman
Eric_P._Rubenstein
Eric_P_Hamp
Eric_Pacome_N'Dri
Eric_Pacôme_N'Dri
Eric_Palazzo
Eric_Panic
Eric_Papilaya
Eric_Paschall
Eric_Paterson
Eric_Patrick_Clapton
Eric_Patterson
Eric_Paul_Meyer
Eric_Paulhus
Eric_Pauwels
Eric_Pean
Eric_Pearce
Eric_Pecout
Eric_Pereira
Eric_Perez
Eric_Peron
Eric_Perrin
Eric_Perrot
Eric_Pessan
Eric_Peter_Kaufmann
Eric_Peters
Eric_Peterson
Eric_Petetin
Eric_Pfrunder
Eric_Pianka
Eric_Piatkowski
Eric_Pickles
Eric_Pieczak
Eric_Pinard
Eric_Pinson
Eric_Piolle
Eric_Planès
Eric_Pliez
Eric_Pockley
Eric_Pohlmann
Eric_Poitevin
Eric_Porter
Eric_Portman
Eric_Posner
Eric_Postaire
Eric_Poujade
Eric_Poulat
Eric_Powell
Eric_Powell_(auteur)
Eric_Powell_(auteur_de_comics)
Eric_Powell_(aviron)
Eric_Powell_(comics)
Eric_Pras
Eric_Prat
Eric_Price
Eric_Pridz
Eric_Prie
Eric_Prié
Eric_Prydz
Eric_Puchner
Eric_Péan
Eric_Pécout
Eric_Pénicaud
Eric_Pérez
Eric_Quesada
Eric_Quintin
Eric_R._Kandel
Eric_R._Mercier
Eric_Rabesandratana
Eric_Radford
Eric_Radomski
Eric_Raffin
Eric_Ramires
Eric_Randol_Schoenberg
Eric_Raoult
Eric_Ray-Blum
Eric_Raymond
Eric_Raynaud
Eric_Rebiere
Eric_Rebière
Eric_Red
Eric_Redlinger
Eric_Regan
Eric_Reid
Eric_Reinhardt
Eric_Remedi
Eric_Renaud
Eric_Renaut
Eric_Ress
Eric_Reynaud-Fourton
Eric_Richard_Kandel
Eric_Ridder
Eric_Ries
Eric_Riley
Eric_Ripert
Eric_Roach_Denis
Eric_Robert_Rudolph
Eric_Roberts
Eric_Robertson_Dodds
Eric_Robinson
Eric_Robrecht
Eric_Rochant
Eric_Rochat
Eric_Roche
Eric_Rodger_Pianka
Eric_Rognard
Eric_Rohmer
Eric_Roll
Eric_Rolland
Eric_Rondepierre
Eric_Rosen
Eric_Rosendahl
Eric_Roth
Eric_Rouleau
Eric_Rouquette
Eric_Roussel
Eric_Rowe
Eric_Roy
Eric_Ruckstuhl
Eric_Rudolph
Eric_Ruf
Eric_Rush
Eric_Rücker_Eddison
Eric_Rückstühl
Eric_S._Lander
Eric_S._Maskin
Eric_S._Raymond
Eric_S_Raymond
Eric_Saade
Eric_Saint-Martin
Eric_Salignon
Eric_Salomon
Eric_Salvail
Eric_San_Vicente
Eric_Sandstrom
Eric_Sanvoisin
Eric_Sardinas
Eric_Sarner
Eric_Sartori
Eric_Satie
Eric_Sato
Eric_Saugera
Eric_Saul
Eric_Saunier
Eric_Savin
Eric_Saward
Eric_Schaal
Eric_Schermerhorn
Eric_Schlosser
Eric_Schlumberger
Eric_Schmidt
Eric_Schmieder
Eric_Schneider
Eric_Schneider_(acteur)
Eric_Schneider_(pianiste)
Eric_Schneiderman
Eric_Schopler
Eric_Schreurs
Eric_Schwartz
Eric_Schweig
Eric_Scott
Eric_Scott_(acteur)
Eric_Sebso
Eric_Seidel
Eric_Selleck
Eric_Senabre
Eric_Serra
Eric_Serra_Tosio
Eric_Seva
Eric_Sevareid
Eric_Shanes
Eric_Shanower
Eric_Shanteau
Eric_Shaw
Eric_Sheppard
Eric_Shinseki
Eric_Shipton
Eric_Show
Eric_Sikora
Eric_Simms
Eric_Singer
Eric_Sione
Eric_Sirot
Eric_Sitruk
Eric_Skoglund
Eric_Smara
Eric_Smith
Eric_Smith_(football)
Eric_Snow
Eric_Sogard
Eric_Sold
Eric_Soubelet
Eric_Spear
Eric_Spencer_Wentworth-Fitzwilliam_(9e_comte_Fitzwilliam)
Eric_Spoelstra
Eric_Springer
Eric_Srecki
Eric_Staal
Eric_Stalner
Eric_Stanton
Eric_Stauffer
Eric_Steel
Eric_Stefani
Eric_Stefanini
Eric_Stehfest
Eric_Stenbock
Eric_Stephenson
Eric_Steven_Lander
Eric_Steven_Raymond
Eric_Stewart
Eric_Stoffel
Eric_Stokes
Eric_Stoltz
Eric_Stonestreet
Eric_Stough
Eric_Straumann
Eric_Strobel
Eric_Struelens
Eric_Stults
Eric_Sturgess
Eric_Suchère
Eric_Summer
Eric_Surkamp
Eric_Swalwell
Eric_Swinkels
Eric_Swiss
Eric_Sykes
Eric_Szmanda
Eric_T._Jennings
Eric_Tabarly
Eric_Taino
Eric_Taladoire
Eric_Talladoire
Eric_Tangradi
Eric_Tanguy
Eric_Tappy
Eric_Teichman
Eric_Temple_Bell
Eric_Ter
Eric_Teyssier
Eric_Thames
Eric_Thenius
Eric_Theobald
Eric_Theodore_Cartman
Eric_Thiebaut
Eric_Thierry
Eric_Thiébaut
Eric_Thomas
Eric_Thompson
Eric_Thompson_(Pilote)
Eric_Thompson_(catch)
Eric_Thompson_(catcheur)
Eric_Thompson_(pilote)
Eric_Thornton
Eric_Tibusch
Eric_Tigerstedt
Eric_Till
Eric_Tindill
Eric_Tinkler
Eric_Tisserand
Eric_Tié_Bi
Eric_Toledano
Eric_Tomamichel
Eric_Tomas
Eric_Topol
Eric_Toulis
Eric_Toussaint
Eric_Townsend
Eric_Traonouez
Eric_Troncy
Eric_Truffaz
Eric_Trump
Eric_Tsang
Eric_Turner
Eric_Umedalen
Eric_Unbekand
Eric_Upshall
Eric_VII_de_Suede
Eric_VI_de_Danemark
Eric_V_Ringsson
Eric_V_de_Danemark
Eric_V_de_Swedenborg
Eric_Vail
Eric_Valentine
Eric_Valentine_Gordon
Eric_Valette
Eric_Valiente
Eric_Valli
Eric_Van_De_Poele
Eric_Van_De_Wiele
Eric_Van_Den_Brink
Eric_Van_Der_Woodsen
Eric_Van_Kessel
Eric_Van_Lancker
Eric_Van_Lustbader
Eric_Van_Meir
Eric_Van_Rompuy
Eric_Van_de_Poele
Eric_Van_de_Wiele
Eric_Van_der_Linden
Eric_Vanderaerden
Eric_Vanlessen
Eric_Vargiolu
Eric_Varley
Eric_Vasberg
Eric_Vassal
Eric_Veiga
Eric_Veniard
Eric_Vennin
Eric_Verdin
Eric_Verdonk
Eric_Vermillion
Eric_Vernan
Eric_Vial
Eric_Viellard
Eric_Viennot
Eric_Vigeanel
Eric_Vigner
Eric_Villa
Eric_Vincent
Eric_Virgal
Eric_Viscaal
Eric_Vives
Eric_Voegelin
Eric_Volant
Eric_Von_Stroheim
Eric_Voruz
Eric_Vuillard
Eric_Véniard
Eric_W._Solomon
Eric_W._Weisstein
Eric_Wagner
Eric_Wainaina
Eric_Wajnberg
Eric_Walker
Eric_Walsky
Eric_Walter_Elst
Eric_Walther
Eric_Wantiez
Eric_Wareheim
Eric_Warnauts
Eric_Warren_Singer
Eric_Wasberg
Eric_Washington
Eric_Wauters
Eric_Weber
Eric_Weddle
Eric_Wedge
Eric_Weil
Eric_Weinberg
Eric_Weinrich
Eric_Weinstein
Eric_Weispfennig
Eric_Weissberg
Eric_Weissenberg
Eric_Weisstein
Eric_Wellwood
Eric_Wendenmanegha_Bougouma
Eric_Wennstrom
Eric_Wennström
Eric_Werner
Eric_West
Eric_Westhof
Eric_Weston
Eric_Westwood
Eric_Whitacre
Eric_White
Eric_Wiebes
Eric_Wieschaus
Eric_William_Kierans
Eric_Williams
Eric_Williams_(basket-ball)
Eric_Williams_(basket-ball,_1972)
Eric_Williams_(basket-ball,_1984)
Eric_Williams_(football_américain,_1960)
Eric_Williams_(homme_politique)
Eric_Willis
Eric_Wilson
Eric_Wilson_(journaliste)
Eric_Wilson_(peintre)
Eric_Winarto
Eric_Winogradski
Eric_Winogradsky
Eric_Winston
Eric_Winter
Eric_Woerth
Eric_Wohlberg
Eric_Wolf
Eric_Woodward
Eric_Woolfson
Eric_Woreth
Eric_Worrell
Eric_Wright
Eric_Wright_(football_américain)
Eric_Wright_(écrivain)
Eric_Wynalda
Eric_XIII
Eric_XII_de_Suede
Eric_XIV
Eric_XIV_de_Suède
Eric_XI_de_Suede
Eric_X_de_Suede
Eric_Yopa
Eric_Young
Eric_Young,_Jr.
Eric_Young_(baseball)
Eric_Young_(catch)
Eric_Young_(catcheur)
Eric_Young_(cyclisme)
Eric_Young_(cycliste)
Eric_Young_(football)
Eric_Young_(wrestler)
Eric_Yuan
Eric_Yung
Eric_Zeisl
Eric_Zemmour
Eric_Zentner
Eric_Zepler
Eric_Zipper
Eric_Zonka
Eric_and_the_Floaters
Eric_au_chapeau_venteux
Eric_de_Bisschop
Eric_de_Caumont
Eric_de_Chassey
Eric_de_Cys
Eric_de_Kuyper
Eric_de_Lorraine
Eric_de_Montalier
Eric_de_Montgolfier
Eric_de_Montmollin
Eric_de_Moulins-Beaufort
Eric_de_Put
Eric_de_Rosny
Eric_de_Rothschild
Eric_de_Seynes
Eric_de_Vlaeminck
Eric_dos_Santos
Eric_et_Artimon
Eric_et_Quentin
Eric_et_Ramzy
Eric_l'Homme
Eric_le_Boucher
Eric_le_Chanony
Eric_le_Hung
Eric_le_Rouge
Eric_van_Kessel
Eric_van_Lancker
Eric_van_Meir
Eric_van_Rossum
Eric_van_Weddingen
Eric_van_de_Poele
Eric_van_der_Burg
Eric_van_der_Luer
Eric_van_der_Woodsen
Eric_von_Hippel
Eric_von_Rosen
Eric_von_Stroheim
Erica
Erica_(Australie)
Erica_(Drenthe)
Erica_(araignée)
Erica_(genre)
Erica_(homonymie)
Erica_(jeu_vidéo)
Erica_(plante)
Erica_(publication)
Erica_Alfridi
Erica_Allar
Erica_Ash
Erica_Beer
Erica_Bella
Erica_Bolusiae
Erica_Bougard
Erica_Boyer
Erica_Brausen
Erica_Campbell
Erica_Carlson
Erica_Carroll
Erica_Cerra
Erica_Chenoweth
Erica_Cipressa
Erica_Dasher
Erica_Deuber-Pauli
Erica_Deuber-Ziegler
Erica_Deuber_Ziegler
Erica_Durance
Erica_Ehm
Erica_Ellyson
Erica_Eng
Erica_Eyres
Erica_Fischer
Erica_Flapan
Erica_Flynn
Erica_Fontes
Erica_Fraters
Erica_Gavin
Erica_Gimpel
Erica_Hahn
Erica_Henderson
Erica_Hubbard
Erica_Jarder
Erica_Johansson
Erica_Jong
Erica_Jordan
Erica_Lancaster
Erica_Lechner
Erica_Leerhsen
Erica_Lennard
Erica_Lillegg
Erica_Luttrell
Erica_Magnaldi
Erica_Malunguinho
Erica_Mann
Erica_Mann_(femme_d'affaires)
Erica_Marx
Erica_May-Lynn_Jarder
Erica_Mazzetti
Erica_McCall
Erica_Mer
Erica_Minor
Erica_Moore
Erica_Morningstar
Erica_Musso
Erica_N._Walker
Erica_Pedretti
Erica_Rhodes
Erica_Rivas
Erica_Rocha_de_Sena
Erica_Rossi
Erica_Sakurasawa
Erica_Sakurazawa
Erica_Schaeffer
Erica_Schaffer
Erica_Shaffer
Erica_Sharp
Erica_Spindler
Erica_Sullivan
Erica_Tazel
Erica_Terpstra
Erica_Vaal
Erica_Van_Briel
Erica_Vanbriel
Erica_Vietti
Erica_Walker
Erica_Wheeler
Erica_Wiebe
Erica_Wilson
Erica_Yohn
Erica_arborea
Erica_arborescens
Erica_bolusiae
Erica_carnea
Erica_ciliaris
Erica_cinerea
Erica_de_Sena
Erica_deuber
Erica_eugenia
Erica_excelsa
Erica_galioides
Erica_gallioides
Erica_herbacea
Erica_lusitanica
Erica_multiflora
Erica_reunionensis
Erica_rossii
Erica_scoparia
Erica_terminalis
Erica_tetralix
Erica_vagans
Erica_van_Dijck
Erica_van_den_Heuvel
Erica_von_Kager
Ericabatrachus
Ericabatrachus_baleensis
Ericaceae
Ericacées
Ericaella
Ericaella_longipes
Ericailcane
Ericale
Ericales
Ericameria_nauseosa
Erice
Ericeia_lituraria
Ericeira
Erich
Erich-Fried-Preis
Erich-Heinrich_Cloessner
Erich-Heinrich_Clößner
Erich-Weinert-Ensemble
Erich_Abraham
Erich_Altosaar
Erich_Amann
Erich_Auerbach
Erich_Bachem
Erich_Barenfanger
Erich_Baron
Erich_Bauer
Erich_Bautz
Erich_Beaud
Erich_Beer
Erich_Bergel
Erich_Berko
Erich_Bey
Erich_Bieber
Erich_Boltenstern
Erich_Borchmeyer
Erich_Brabec
Erich_Brandenberger
Erich_Buck
Erich_Buljung
Erich_Burgener
Erich_Buschenhagen
Erich_Bärenfänger
Erich_Bürzle
Erich_Büttner
Erich_Campe
Erich_Carl_Walter
Erich_Chlomovitch
Erich_Cohn
Erich_Correns
Erich_Czerwonski
Erich_Dagobert_von_Drygalski
Erich_Dethleffsen
Erich_Diestel
Erich_Dinges
Erich_Drescher
Erich_Dunskus
Erich_Ebermayer
Erich_Ehrlinger
Erich_Eliskases
Erich_Emminger
Erich_Engel
Erich_Ettlin
Erich_Eyck
Erich_Federschmidt
Erich_Fellgiebel
Erich_Ferstl
Erich_Frauwallner
Erich_Frederich_Schmidt
Erich_Fried
Erich_Friedrich_Schmidt
Erich_Fromm
Erich_Frommhagen
Erich_Fronhöfer
Erich_Fuchs
Erich_Gamma
Erich_Garhammer
Erich_Gesel
Erich_Gloeden
Erich_Gritzbach
Erich_Grässer
Erich_Gräßer
Erich_Gülzow
Erich_Habitzl
Erich_Hackl
Erich_Hagen
Erich_Hamann
Erich_Hanisch
Erich_Hartmann
Erich_Hartmann_(aviateur)
Erich_Hartmann_(photographe)
Erich_Hauser
Erich_Hecke
Erich_Heckel
Erich_Heckelmann
Erich_Heinemann
Erich_Herker
Erich_Hermès
Erich_Hess
Erich_Hilgenfeldt
Erich_Hintzsche
Erich_Hoepner
Erich_Hof
Erich_Hoffmann
Erich_Hohagen
Erich_Honecker
Erich_Huckel
Erich_Hueckel
Erich_Höpner
Erich_Hückel
Erich_Irlstorfer
Erich_Isselhorst
Erich_Jantsch
Erich_Jarvis
Erich_Jaschke
Erich_Jungmann
Erich_Juskowiak
Erich_Kaestner
Erich_Kahler
Erich_Kaiser-Titz
Erich_Kamke
Erich_Kamp
Erich_Kastner
Erich_Kastner_(veteran)
Erich_Kempka
Erich_Kettelhut
Erich_Klann
Erich_Klausener
Erich_Kleiber
Erich_Kleinschuster
Erich_Klossowski
Erich_Knauf
Erich_Knitterscheid
Erich_Koch
Erich_Koch-Weser
Erich_Kordt
Erich_Korngold
Erich_Koschik
Erich_Krempel
Erich_Kuhnhackl
Erich_Kulka
Erich_Kunz
Erich_Kunzel
Erich_Kuttner
Erich_Kähler
Erich_Kästner
Erich_Kästner_(homonymie)
Erich_Kästner_(vétéran)
Erich_Kühnhackl
Erich_L._Lehmann
Erich_Lachmann
Erich_Langjahr
Erich_Laxmann
Erich_Leinsdorf
Erich_Leistner
Erich_Leo_Lehmann
Erich_Lessing
Erich_Linemayr
Erich_Linnhoff
Erich_Loest
Erich_Lowenhardt
Erich_Ludendorff
Erich_Ludwig
Erich_Löwenhardt
Erich_Maas
Erich_Maechler
Erich_Marcks
Erich_Marcks_(général)
Erich_Marcks_(historien)
Erich_Maren_Schlaikjer
Erich_Maria_Remarque
Erich_Maria_Remarque_Institute
Erich_Martin_Richard_Hering
Erich_Meier
Erich_Mende
Erich_Mendelsohn
Erich_Metze
Erich_Meuthen
Erich_Meyer
Erich_Mielke
Erich_Moritz_von_Hornbostel
Erich_Muhsam
Erich_Muhsfeldt
Erich_Mächler
Erich_Mückenberger
Erich_Mühsam
Erich_Müsham
Erich_Natusch
Erich_Naumann
Erich_Nelson
Erich_Neumann
Erich_Neumann_(Homme_Politique)
Erich_Neumann_(Psychologue)
Erich_Neumann_(homme_politique)
Erich_Neumann_(politicien)
Erich_Neumann_(psychologue)
Erich_Obermayer
Erich_Ohser
Erich_Ollenhauer
Erich_Ott
Erich_Padalewski
Erich_Paul_Remark
Erich_Petersen
Erich_Pommer
Erich_Ponto
Erich_Priebke
Erich_Probst
Erich_Przywara
Erich_Rademacher
Erich_Raeder
Erich_Raschick
Erich_Recknagel
Erich_Rhoemer
Erich_Ribbeck
Erich_Rothacker
Erich_Rudorffer
Erich_Rutemöller
Erich_Römer
Erich_Salomon
Erich_Schaedler
Erich_Schanko
Erich_Schellow
Erich_Schenk
Erich_Scheurmann
Erich_Schilling
Erich_Schmid
Erich_Schmidt
Erich_Schopper
Erich_Schriever
Erich_Schärer
Erich_Schönfelder
Erich_Segal
Erich_Siebert
Erich_Slomovic
Erich_Sochurek
Erich_Sokol
Erich_Spahn
Erich_Spitz
Erich_Srbek
Erich_Stamminger
Erich_Steidtmann
Erich_Steinfurth
Erich_Storz
Erich_Straube
Erich_Thenius
Erich_Topp
Erich_Traub
Erich_Urbanner
Erich_Valentin
Erich_Voegelin
Erich_Von_Dem_Bach-Zelewski
Erich_Von_Drygalski
Erich_Von_Falkenhayn
Erich_Von_Kielmansegg
Erich_Von_Stroheim
Erich_Von_Tschermak-Seysenegg
Erich_Walter
Erich_Walther
Erich_Warsitz
Erich_Waschneck
Erich_Wasmann
Erich_Wassmer
Erich_Weinert
Erich_Weishaupt
Erich_Werdermann
Erich_Wolfgang_Korngold
Erich_Wolfgang_Partsch
Erich_Zeigner
Erich_Zeisl
Erich_Ziegel
Erich_Zoddel
Erich_de_Cornouaille
Erich_von_Brückner
Erich_von_Daniken
Erich_von_Drygalski
Erich_von_Däniken
Erich_von_Falkenhayn
Erich_von_Götha
Erich_von_Holst
Erich_von_Hornbostel
Erich_von_Kielmansegg
Erich_von_Manstein
Erich_von_Neusser
Erich_von_Seckendorff
Erich_von_Selle
Erich_von_Siebenthal
Erich_von_Stroheim
Erich_von_Tschermak-Seysenegg
Erich_von_dem_Bach
Erich_von_dem_Bach-Zelewski
Erich_Übelhardt
Erich_Šlomović
Erichem
Erichin_hallitus
Erichsenia
Erichsenia_uncinata
Erichshof
Erichson
Ericht_(rivière_de_Perth_and_Kinross)
Erichtho
Erichthodes
Erichthodes_antonina
Erichthodes_arius
Erichthodes_jovita
Erichthodes_julia
Erichthodes_narapa
Erichthonios
Erichthonios_(Athenes)
Erichthonios_(Dardanie)
Ericibdela_delotis
Ericiocyathus
Ericiocyathus_echinatus
Ericiolacerta
Ericiolacerta_parva
Erick
Erick-Christian_Ahounou
Erick_(Oklahoma)
Erick_Aguilar_Muñoz
Erick_Almonte
Erick_Avari
Erick_Aybar
Erick_Baert
Erick_Bamy
Erick_Barkley
Erick_Barrondo
Erick_Batte
Erick_Benzi
Erick_Casas
Erick_Cortés
Erick_Dampier
Erick_Davis
Erick_De_Armas
Erick_Delgado
Erick_Deshors
Erick_Elias
Erick_Elías
Erick_Fedde
Erick_Green
Erick_Gutierrez
Erick_Gutiérrez
Erick_Ifergan
Erick_Iskersky
Erick_Keter
Erick_Lantin
Erick_Lonnis
Erick_López
Erick_Manana
Erick_Miranda
Erick_Mombaerts
Erick_Morillo
Erick_Norales
Erick_Ozuna
Erick_Pulgar
Erick_Purkhiser
Erick_Remy
Erick_Rowan
Erick_Rowsell
Erick_Rémy
Erick_Schmitt
Erick_Scott
Erick_Sermon
Erick_Silva
Erick_Spoelstra
Erick_Strickland
Erick_Thohir
Erick_Torres
Erick_Torres_(football,_1993)
Erick_Torres_Padilla
Erick_Vallecillo
Erick_Vanderaerden
Erick_Wainaina
Erick_Walder
Erick_Wujcik
Erick_Zonca
Erick_de_Armas
Erick_de_armas
Erick_mongrain
Ericka_Bareigts
Ericka_Beckman
Ericka_Cruz
Ericka_Cruz_Escalante
Ericka_Dunlap
Ericka_Huggins
Ericka_Lorenz
Ericka_Yadira_Cruz_Escalante
Erickson
Erickson_(Manitoba)
Erickson_Gallardo
Erickson_Le_Zulu
Erico_Chiesa
Erico_Verissimo
Ericoideae
Ericq_Pierre
Ericrocidini
Ericson
Ericson_Core
Ericson_Silva
Ericsson
Ericsson_(homonymie)
Ericsson_Globe
Ericsson_Globe_Arena
Ericsson_Nikola_Tesla
Ericsson_Stadium
Ericsson_Vikings
Ericus_Schroderus
Eridacnis
Eridacnis_Barbouri
Eridacnis_Radcliffei
Eridacnis_Sinuans
Eridacnis_barbouri
Eridacnis_radcliffei
Eridacnis_sinuans
Eridadi_Mukwanga
Eridan
Eridan_(constellation)
Eridan_(fleuve)
Eridan_(fusée)
Eridan_VII
Eridani
Eridania_Béghin-Say
Eridania_Planitia
Eridantes
Eridantes_diodontos
Eridanus
Eridanus_2
Eridanus_3
Eridanus_II
Eridanus_III
Eridiphas
Eridiphas_slevini
Eridiphas_slevini_marcosensis
Eridou
Eridson
Eridson_Mendes_Umpeça
Eridu
Erie
Erie_(Colorado)
Erie_(Dakota_du_Nord)
Erie_(Illinois)
Erie_(Kansas)
Erie_(Pennsylvanie)
Erie_(ancienne_circonscription_fédérale)
Erie_Abe
Erie_BayHawks
Erie_Blades
Erie_Civic_Center
Erie_County
Erie_Insurance_Arena
Erie_Lackawanna_Railway
Erie_Masonic_Temple
Erie_Railroad
Erie_SeaWolves
Erie_Township_(Illinois)
Erieg
Eriek_Verpale
Erienna_Township_(comté_de_Grundy,_Illinois)
Erie–Lincoln
Erie—Lincoln
Erig
Erigaisi_Arjun
Erigavo
Erigenieae
Erigeron
Erigeron_Karvinskianus
Erigeron_acer
Erigeron_alpinus
Erigeron_annuus
Erigeron_aphanactis
Erigeron_aureus
Erigeron_canadensis
Erigeron_chrysopsidis
Erigeron_compositus
Erigeron_divergens
Erigeron_floribunda
Erigeron_glaucus
Erigeron_hyssopifolius
Erigeron_karvinskianus
Erigeron_maguirei
Erigeron_peregrinus
Erigeron_sumatrensis
Erigeron_uniflorus
Erignac
Erignathus
Erignathus_barbatus
Erigne
Erigo
Erigolipus
Erigolipus_griswoldi
Erigomicronus
Erigomicronus_flavus
Erigomicronus_lautus
Erigone
Erigone_(genre)
Erigone_Corona
Erigone_adipata
Erigone_alexandrina
Erigone_allani
Erigone_antipodiana
Erigone_aquilonaris
Erigone_atriventer
Erigone_avicula
Erigone_barbigera
Erigone_benes
Erigone_biovata
Erigone_birmanica
Erigone_bodenburgi
Erigone_commutabilis
Erigone_cyclops
Erigone_decens
Erigone_dentifera
Erigone_douglasii
Erigone_dumitrescuae
Erigone_dumitrescui
Erigone_elegans
Erigone_fasciata
Erigone_fluctuans
Erigone_foraminifera
Erigone_gradata
Erigone_hypenema
Erigone_inclara
Erigone_infernalis
Erigone_latithorax
Erigone_leptocarpa
Erigone_lusisca
Erigone_macrochaera
Erigone_malvari
Erigone_marina
Erigone_mascula
Erigone_matei
Erigone_miniata
Erigone_minutissima
Erigone_mollicula
Erigone_monticola
Erigone_neoterica
Erigone_orientalis
Erigone_pallescens
Erigone_paupera
Erigone_pictilis
Erigone_pilifrons
Erigone_polaris
Erigone_praecursa
Erigone_prospiciens
Erigone_pulicaria
Erigone_robusta
Erigone_rostratula
Erigone_rufithorax
Erigone_sarcinata
Erigone_scabristernis
Erigone_serotina
Erigone_servula
Erigone_simplex
Erigone_sordidata
Erigone_speciosa
Erigone_spelaea
Erigone_spinifera
Erigone_stigmatosa
Erigone_strandi
Erigone_striaticeps
Erigone_subitanea
Erigone_tarsalis
Erigone_thorellii
Erigone_tolucana
Erigone_tonkina
Erigone_tristis
Erigone_turrigera
Erigone_ululabilis
Erigone_uncta
Erigone_vaginata
Erigone_wagae
Erigone_xanthippe
Erigonella
Erigonella_groenlandica
Erigonella_stubbei
Erigonidium
Erigoninae
Erigonoploides
Erigonoploides_cardiratus
Erigonoplus
Erigonoplus_dilatus
Erigonoplus_inclarus
Erigonoplus_inspinosus
Erigonoplus_nigerrimus
Erigonoplus_nobilis
Erigonoplus_turriger
Erigonops
Erigonops_littoralis
Erigonopsis_littoralis
Erigonopterna
Erigonopterna_dilata
Erigophantes
Erigophantes_borneoensis
Erih_Kos
Erih_Koš
Erihiro
Erijon_Bogdani
Erik
Erik,_le_Viking
Erik,_le_Viking_(film,_1965)
Erik,_le_Viking_(film,_1989)
Erik-Anders
Erik-Jan_Zürcher
Erik-Oskar_Hansen
ErikM
Erik_(auteur)
Erik_Aaes
Erik_Abrahamsson
Erik_Acharius
Erik_Adams
Erik_Adlercreutz
Erik_Adlerz
Erik_Adolf_Von_Willebrand
Erik_Adolf_von_Willebrand
Erik_Agren
Erik_Ahldén
Erik_Akkersdijk
Erik_Akkersdĳk
Erik_Algot_Fredriksson
Erik_Almgren
Erik_Almlöf
Erik_Almqvist
Erik_Amdrup
Erik_Andersen
Erik_Andersson
Erik_Anton_Björkdal
Erik_Arckens
Erik_Arnaud
Erik_Arnoult
Erik_Arnoux
Erik_Arvidsson
Erik_August_Larsson
Erik_Axel_Karlfeldt
Erik_Axelsson_Tott
Erik_Axl_Sund
Erik_Bakker
Erik_Balling
Erik_Balnuweit
Erik_Balzer
Erik_Banner
Erik_Baska
Erik_Batte
Erik_Bauersfeld
Erik_Baška
Erik_Bedard
Erik_Benzelius_l'Ancien
Erik_Benzelius_le_Jeune
Erik_Berchot
Erik_Bergman
Erik_Bergqvist
Erik_Bergström
Erik_Bergström_Frisk
Erik_Bergvall
Erik_Besson
Erik_Betts
Erik_Bisgaard
Erik_Bjornsen
Erik_Björkdal
Erik_Bjørkum
Erik_Blomqvist
Erik_Blomster
Erik_Bo_Andersen
Erik_Bocanga_Musau
Erik_Bochna
Erik_Bochňa
Erik_Bodom
Erik_Boes
Erik_Bohlin
Erik_Boisse
Erik_Bosgraaf
Erik_Boström
Erik_Botheim
Erik_Boulatov
Erik_Brandt
Erik_Brann
Erik_Brannstrom
Erik_Braun
Erik_Braunn
Erik_Breukink
Erik_Bruhn
Erik_Bryggman
Erik_Brännström
Erik_Buell_Racing
Erik_Buyst
Erik_Bye
Erik_Byléhn
Erik_Bánki
Erik_Bédard
Erik_Cadee
Erik_Cadée
Erik_Canuel
Erik_Cardoso
Erik_Carlsson
Erik_Castrén
Erik_Charell
Erik_Charpentier
Erik_Chisholm
Erik_Christensen
Erik_Christiansen
Erik_Christopher_Zeeman
Erik_Clausen
Erik_Clavery
Erik_Cleymans
Erik_Cole
Erik_Colin
Erik_Comas
Erik_Condra
Erik_Conway
Erik_Cordier
Erik_D._Demaine
Erik_Dahlberg
Erik_Dahlbergh
Erik_Dahlin
Erik_Dahlström
Erik_Dammann
Erik_Dampier
Erik_Daniels
Erik_Davis
Erik_Davis_(écrivain)
Erik_De_Beck
Erik_De_Bruin
Erik_De_Villoutreys
Erik_Decamp
Erik_Dekker
Erik_Dellums
Erik_Demaine
Erik_Derycke
Erik_Desmazières
Erik_Detthow
Erik_Dietman
Erik_Dietmann
Erik_Domaine
Erik_Duncan_Demaine
Erik_Durm
Erik_Edman
Erik_Ellington
Erik_Elmsäter
Erik_Emptaz
Erik_Enge
Erik_Eriksen
Erik_Eriksen_(explorateur)
Erik_Eriksen_(homme_politique)
Erik_Erikson
Erik_Ersberg
Erik_Estrada
Erik_Everhard
Erik_Falkenburg
Erik_Feller
Erik_Fetter
Erik_Fish
Erik_Fisher
Erik_Fredriksson
Erik_Frey
Erik_Friberg
Erik_Friborg
Erik_Friedlander
Erik_Gaardhøje
Erik_Gerets
Erik_Gnupsson
Erik_Goeddel
Erik_Gogstad
Erik_González
Erik_Granfelt
Erik_Grendel
Erik_Grönwall
Erik_Guay
Erik_Gudbranson
Erik_Gustaf_Boström
Erik_Gustaf_Geijer
Erik_Gustaf_Lidbeck
Erik_Gustafsson
Erik_Gustafsson_(athlétisme)
Erik_Gustafsson_(hockey_sur_glace)
Erik_Gustafsson_(hockey_sur_glace,_1988)
Erik_Gustafsson_(hockey_sur_glace,_1992)
Erik_Haaker
Erik_Haakonarson
Erik_Hagen
Erik_Hajas
Erik_Haker
Erik_Hamalainen
Erik_Hamren
Erik_Hamrén
Erik_Hansen
Erik_Hansen_(canoë-kayak)
Erik_Haula
Erik_Hayser
Erik_Hazelhoff_Roelfzema
Erik_Heiberg
Erik_Heijblok
Erik_Heil
Erik_Heinrichs
Erik_Herman_Härmä
Erik_Hersman
Erik_Hinterding
Erik_Hoffmann
Erik_Hoftun
Erik_Holmberg
Erik_Holmberg_(astronome)
Erik_Holmberg_(chanteur)
Erik_Holmberg_(football)
Erik_Holst
Erik_Holtved
Erik_Hornung
Erik_Horrie
Erik_Hurtado
Erik_Huseklepp
Erik_Hämäläinen
Erik_Håkan_Lidman
Erik_Håker
Erik_III_de_Danemark
Erik_III_de_Norvège
